id,name,address,country,revenue
8f73ffa8-d049-4a62-a854-7cc720aaf266,Zoomcast,65 Welch Center,France,22604466
bde5a48d-ccb7-4472-8854-703473075d42,Brainverse,474 Grayhawk Parkway,Sweden,66088907
f1d1e17e-2c13-4127-a1f5-7b2c909a4114,Browsedrive,63485 Jay Crossing,France,74557564
62096429-5a18-4704-9a7e-659f69146dc5,Voonix,62 Scott Place,China,42094069
f533e48d-41f7-4fca-b146-00fe33641fc8,Skynoodle,6 Fremont Avenue,Argentina,51543524
0edd2db6-e5dc-4dfd-938d-31cd8bb4fcf2,Zoomdog,93032 Kennedy Street,Morocco,3531165
2b663569-d569-49e6-b142-a3b2872ac702,Mydeo,860 Annamark Hill,China,54381552
aea3d233-807c-4e66-8b51-e57edd46ce28,Skimia,2825 Meadow Valley Street,Philippines,51249818
c1f66ed6-4dda-480a-b367-0f0e2fca11c4,Quinu,71 Heffernan Hill,Russia,95386498
28371c38-9074-42e4-bf4e-d828f59104da,Gabvine,7 Springview Parkway,Indonesia,31011670
6ffc1347-c3a4-4eff-8dba-03cec28a24d7,Meemm,35927 Fulton Parkway,China,46456663
b8269312-9a62-4e9e-986a-8aeab3952106,Ooba,2895 Summerview Trail,China,4215762
82f9e75a-f53e-427c-8449-2de2655e43a0,Bluezoom,538 Veith Road,Palestinian Territory,44217507
68c7d708-0365-4586-80fb-32ce6ba6044f,Skaboo,48 Emmet Way,Germany,61626015
65b6fac4-f5e3-4e28-b97f-bd731b7e44ce,Einti,3 Hayes Trail,France,74667564
82f24e80-8d01-4084-942d-c8ff3ca93b5b,Leenti,32 Armistice Avenue,Russia,23138953
7da3bca6-3564-4ee3-8a4a-fe0d10e12e78,Centimia,1803 Artisan Center,Portugal,15500205
68bbf12b-f943-491c-ad6b-9d2d25a521ff,Cogidoo,0 Pennsylvania Park,China,41772029
62b1a51a-3bbd-421c-b576-05a6c20f9a7e,Skyndu,98 Saint Paul Place,China,21233983
54a29ba0-fee3-41fa-b474-d5e73b49a77e,Tanoodle,82 Myrtle Junction,Canada,32647299
f835b10a-c7e9-49fe-b651-b23d0b2ec7aa,Topicshots,3 Monument Court,Italy,71131691
9062d0f8-e6d5-49d0-8335-431872fa68e5,Twinder,60569 Katie Court,China,16580618
a54ecd88-3223-4c9c-bcf1-c26e1ea67e38,Divanoodle,8 Kensington Junction,Indonesia,43950692
4335f089-e861-4abf-8288-cb94608f8a39,Wordware,5437 Carpenter Place,Poland,64189087
b52952e7-38d9-4950-b123-5caffa0a03dc,Yodoo,05292 Pierstorff Circle,China,54292456
8899f5cc-f087-4b4c-95f8-a52cd278026a,Bubblebox,26 Reinke Street,Bangladesh,88483955
3a225a27-02de-4560-82ee-fab76e22e48f,Oyoloo,957 Luster Park,China,47343881
35adf6fb-b088-4ac3-b8bf-6c92b82cc923,Zoovu,55 Susan Road,Brazil,15218778
ec5b985a-6eb5-4161-b17d-48037c11ba65,Edgewire,58781 Rockefeller Avenue,Iraq,46427157
f4b85436-7ec1-4536-90fd-7112b2d6640e,Meedoo,5 Sullivan Trail,Guatemala,63262553
2ddddcf7-eac5-44e5-a916-15ac08a4672e,Meedoo,7629 Sunnyside Point,Philippines,18101153
805d0586-1f73-41e6-bf46-69863eca8794,Quaxo,9 Superior Alley,Serbia,104470
132c089c-b0bf-4b45-aacf-283df47d8058,Dabfeed,3987 Lerdahl Point,Brazil,50737331
45d80cd7-ed39-4dad-91d7-33457f808d7e,Voonix,71 Fallview Point,Honduras,12916984
4aa4ad46-95e9-4b83-ae6d-cada7f3f9921,Devpoint,9 5th Junction,Comoros,66352566
56eef117-c3e4-4610-ae6a-34d1ddef58e8,Dablist,70 Golf Trail,Canada,50473168
1b394510-4583-4e1a-8e30-4a4999eed331,Pixoboo,3 Blackbird Center,Peru,86036714
c7c8db48-55f7-460f-81cc-8f4f1b84c57d,Yozio,0 Packers Point,China,68261956
7c9ba89a-1558-4aa9-befd-626a4eed68f8,LiveZ,771 Northview Trail,China,440861
f87158ec-7692-4f69-8ccf-19bad8bb7e8e,Feedfire,2 Crowley Way,Russia,75538186
c84a6464-fb0a-426f-9aeb-47773b53cdec,Skipfire,9376 Anderson Road,Poland,31280919
15616ceb-046e-4d95-9458-216df9fd0f1f,Shufflebeat,54392 Ridge Oak Lane,Chad,21659481
059ab04b-51a5-4fd7-9031-4195d18c3f88,Zoombeat,1 Hoffman Place,Vietnam,70496474
d2697431-5fe5-45e4-9005-c2dbf05cf220,Kwimbee,4085 Schmedeman Circle,Indonesia,7649418
38a5bc88-188c-4992-9052-22a36cfead24,Myworks,9 Eastlawn Way,Indonesia,67856404
8a76160c-24f4-40e8-b22f-e3be28cebd28,Ainyx,9863 8th Lane,North Korea,70311915
5ee2a212-8fd9-45e6-a67c-aabad3a903a7,Zooxo,1 Tennyson Lane,Portugal,62554156
6a230e9e-90d1-4f92-ae83-b50958cc4622,Vinder,6633 Goodland Junction,France,87446864
855c2d1e-b2fd-4dfb-951a-59efd524cdc5,Dabfeed,490 Barby Center,Sweden,25839538
5148e5ae-1b09-45f8-91c5-b866fee5ad11,Avamba,3 Cascade Circle,Czech Republic,33018226
90df3820-f6ef-49cc-8bbc-6cce1a4458da,Dabvine,2457 Derek Circle,China,88500032
744c3c84-41ba-4179-9730-41b2b9c89f87,Babblestorm,8623 Hintze Plaza,Afghanistan,49819423
5b1fe226-78c5-4d3b-92e7-548c54a0cc71,Linkbuzz,37 Jenna Court,Costa Rica,81724468
4b159f72-9fdd-43bb-aac6-4491ca22003c,Feedspan,86 Reinke Court,Indonesia,43048319
6e2428a1-2e94-4369-a1e2-5a00792c1c99,Dazzlesphere,2616 Union Crossing,Poland,92050558
7d742286-138f-4201-8b06-0611dd071720,Gigaclub,7 Meadow Vale Hill,China,68754006
b0446fe0-10ed-4f47-a172-d9faa1d1d6c6,Zazio,584 Upham Center,China,97965761
5642583f-1c3a-4766-b9e3-bd9792bf3c89,Flashset,0223 Cherokee Park,Japan,15501579
6a95f6a2-ceaa-4714-8d15-42b0970426c0,Thoughtblab,1 Eliot Pass,South Africa,34024961
bdbb9440-9e71-4b7d-a249-33633d845b79,Buzzster,07115 Transport Circle,China,63048605
d14c7f5c-9a05-419c-b81b-c90a2fc37074,Chatterpoint,7026 Memorial Place,China,62476343
9885eec6-17bc-4518-b4b7-56523eb43242,Quinu,9 Carpenter Road,Indonesia,37913428
d3b975e3-cbfb-4837-9f3c-cd270503b9b7,Thoughtstorm,77298 Vernon Court,Portugal,69436137
856b084c-6ad5-4e29-b01e-1d3f6248434c,Roomm,772 Monument Pass,Azerbaijan,78223255
a3f3c2be-1534-4e2d-a097-7021e0855fc0,BlogXS,0 Garrison Court,Peru,2606512
db492273-9071-4cf9-8439-ef7d19a39eae,Shufflester,79 Corscot Plaza,Philippines,45079493
0d579601-76f4-4259-a86c-c0b89b8493ac,Gigabox,25 Schlimgen Street,China,18921417
9b8702f2-7439-4f0b-adbb-3bb211f0607e,Gigabox,2 Lakewood Place,Israel,41763523
e405bd0f-f6ce-4721-8b87-0a3f432dac6d,Mynte,30609 Mallard Street,Botswana,11709131
fe40514d-4ecf-41b7-8a7e-37a21b5fe532,Thoughtbeat,93221 Hazelcrest Center,Philippines,10300838
a6af4509-750f-4a1e-a64b-1ee2de9ef650,Blogtag,79076 Linden Crossing,Zimbabwe,80947652
29bc79e5-e357-41a6-a31c-bf9bfe66afc0,Twitterwire,24 Hooker Trail,Myanmar,82990627
7aed7b53-c1d5-42aa-9e13-0a2bc3c65972,Thoughtsphere,085 Paget Alley,Bhutan,11840905
d5a3708f-f002-412c-a77c-dafb45ed578f,Photofeed,3311 Lake View Road,Denmark,59558174
42af11cb-6d4d-47b0-a593-fc83f7dd5a18,Jazzy,9894 Anthes Drive,Portugal,85107212
02c09815-6028-4ee3-bdda-218024d201ce,Voomm,015 Pankratz Road,China,53005118
68036634-58b0-46fb-bbb6-c5626c3437e3,Meembee,794 Bunting Crossing,Sao Tome and Principe,80003829
ea86a1ca-889f-4643-b46a-6880c1ee9c2c,Feedfish,3 Brown Drive,Finland,69920360
4afac695-5098-4822-8e41-5c898264da69,Jabbertype,775 Bluejay Road,China,36596572
98826e0d-626b-4d75-93ef-ee11a0fbfe67,Skibox,0590 Esch Circle,Sweden,33966677
d1e0c75a-1411-4907-a8bf-f2de8e89a18b,Eabox,98 Carey Drive,China,26368412
a7b85b8a-0e7d-42c3-b9b8-4ed013c88055,Blogspan,7 Nelson Circle,Indonesia,42485720
dec1f610-ded7-44ff-b499-971811099255,Voonyx,73 Hallows Pass,France,25412196
de258c8b-09c6-4c6c-8d41-d89aadbe19fa,Flashset,00 Thierer Parkway,Russia,18390009
d145a60a-cbd2-4a0d-acc9-1358c5ba1436,Livepath,10895 Waubesa Center,Greece,16649836
98a42102-7523-430e-9e81-2d50765fdf75,Browseblab,54450 Shopko Plaza,China,5350561
09bda071-090a-41e4-b496-eb3d234bb188,Zazio,7 Huxley Trail,Morocco,70947282
1a3901ba-adba-4e2b-9158-e6bd195cb553,Zoozzy,6396 Dennis Alley,Indonesia,35437448
539fdaf8-22be-44ac-ae56-6432897fc523,Fiveclub,1540 Eagan Parkway,China,26211639
813d0085-e42f-4eca-8c5a-2188f9b1ecae,Trilia,2691 Ludington Circle,Ireland,61971110
f789d03d-9b32-4b0f-b652-5ce49cf98b87,Browsebug,54 Hudson Circle,Indonesia,22677982
a6809c40-684f-419c-ae31-150f4bc6e389,Photolist,02270 Ridgeway Crossing,Canada,6200024
c676df03-5150-4601-a804-05e0900335c4,Fivespan,97477 Huxley Way,Poland,71984674
aa782275-c4fd-416a-829a-71cd6a732b5d,Demizz,2942 Schlimgen Terrace,Poland,54160643
37c42cf9-2ff8-49a5-8d1a-05058645811b,Flipopia,6 Graedel Drive,Bhutan,96960404
4664e377-83c5-47a8-b699-62716d120a37,Thoughtblab,3428 Maple Wood Lane,Mali,34846395
adcd6326-66d7-4d18-8485-1016205aa0d8,Yotz,740 Golf View Alley,South Korea,84228685
159ec401-d66f-4a14-9607-dc07989bdac5,Vimbo,50546 Loomis Point,Panama,9417077
c3a31972-1952-4567-b316-d9fa08c1edd8,Ntag,59583 Delladonna Avenue,Indonesia,91104487
d84904ab-50b9-43f3-b32e-d7e3334c5fca,Yata,02 Cordelia Crossing,Indonesia,53834517
c6b63cbd-95b0-452e-91ef-b4a1cc225a26,Devshare,9 Brentwood Hill,Russia,32688081
0bfac055-5291-461f-923e-92390413e438,Youspan,21 Haas Alley,Russia,14739225
ed6030e6-aa6b-4ebc-a9da-398b98f80490,Trupe,3 Nova Drive,Sweden,28264442
698d055c-87fb-459c-8541-15de5aa88579,Podcat,5 Truax Circle,China,46624400
75a80e9e-901e-4094-967f-e532cc3909ac,Tazzy,02 Merrick Terrace,Portugal,27316194
b3b614a3-e697-435d-8055-9732398ca30d,Tagtune,470 Oakridge Point,France,56406044
60cc0691-cb5d-49bc-abb3-ecfc2bca65f2,Yamia,96443 Merrick Way,Nicaragua,92018952
dffb06c8-d1eb-4808-818a-b11264f3de70,Gabspot,8 Algoma Trail,Myanmar,27718916
d89d4866-d9ac-4949-9d67-268f819b4595,Linkbuzz,17466 Rigney Court,China,53950761
47080803-cc0d-4a80-b9f9-8351d515a414,JumpXS,81177 Iowa Trail,Pitcairn,15031037
c8515f66-2a29-49f8-89f9-96599fa46845,DabZ,04034 Mitchell Hill,Azerbaijan,28872958
1e00ceb0-62e7-41bb-a90e-58650e8bf35a,Mynte,5 Eagan Avenue,Portugal,92574104
d9c7e373-ac3e-4ff9-8322-4454064f07bf,Photofeed,8 Victoria Road,Russia,82918188
2dca270b-fffc-46e6-9a29-d6a9ce02d21d,Mudo,229 Bellgrove Alley,China,78304862
92f724bd-73f0-4256-b1df-fe27174d2e58,Linkbridge,0335 Laurel Crossing,Philippines,33063252
9ae2f0c6-2080-4c41-897b-6803559baef2,Oyoba,6 Grover Alley,Ireland,53465698
25b602d0-8d91-4a9c-8a3c-a63af7269fcf,Meembee,537 Calypso Pass,Croatia,54822775
e5a81d8e-595e-4619-be2e-a3b4ac98a9e3,Quimba,469 Elgar Place,China,23281475
2c0b0e76-8a57-4290-8e22-9cf507cf1f65,Fliptune,4 Duke Circle,France,13631636
f6855fef-092e-4e12-85c9-87668fa8e03a,Jayo,57 Muir Lane,China,41443744
237a1a59-979d-4092-a122-e8a6644bfb6e,Kwilith,17 Manufacturers Pass,Yemen,49426548
2059d0da-ab49-42f5-a830-ee38afc383ae,Wordware,106 Crescent Oaks Hill,South Africa,74925235
91516b6c-ef6c-498b-959c-60944d6c5874,Skyvu,413 Lakewood Alley,China,60688353
4996e8a9-e79f-469a-8802-41071ad99018,Zoonder,52 Tomscot Junction,Philippines,97919144
f22fdb7e-ac2f-401a-840b-de9897513aad,Yacero,84 Bashford Parkway,Sweden,24605495
065f36df-6e92-45b9-8b7c-b5d44677a227,Skyba,1630 Eggendart Point,Indonesia,56402864
e523edb0-c556-4e50-832a-d44fdffc8374,Skimia,46 Mariners Cove Plaza,Indonesia,3274843
35527b52-3078-4136-b870-d804e3243773,Dazzlesphere,1 Holy Cross Plaza,French Guiana,73142426
c6197931-8b57-4510-9980-d3cb980720b6,Tagopia,3456 Michigan Hill,Georgia,19144005
04e2ad43-f10e-4a2a-a012-8b537215ccef,Tagcat,27 Bowman Plaza,Israel,13849113
5be93fdd-da15-4d76-b4b9-e7c98d650f1f,Oyoyo,947 Vidon Crossing,Czech Republic,60128288
c0d6cc50-6158-4e3e-8864-29851f56bf1b,Tagchat,15810 Doe Crossing Center,Indonesia,25644200
b3c4dd3e-fbde-4afd-a4ed-6c8b92aeee08,Gevee,8 International Crossing,France,88581249
2730eab1-470b-4274-9721-2050232f6ddd,Wordware,7 Doe Crossing Place,Russia,59690413
21797c8d-07d0-4c8f-9dcb-0db2906db53c,Twitterlist,273 Acker Drive,France,65727314
c3e350b4-352f-46f3-aa8f-863c7b63e547,Flashset,934 Crest Line Pass,Vietnam,67091032
fd17b83a-de8e-44ad-9aaa-a1427c4ca844,Tagpad,32803 Kensington Pass,Luxembourg,47043634
f6cf59f7-2c0c-4681-971b-40e4124fbede,Photobug,66879 Forest Run Drive,China,90999011
a908672c-ca51-4138-afd2-cba7c9382756,Demivee,7 Stone Corner Way,China,79718260
baf1a5ab-de86-41b4-8dbc-20130c804c43,Yakitri,6003 Corscot Junction,Denmark,63938890
9a835a05-00eb-41d5-b747-9c08c70532ee,Babbleset,2 Sloan Hill,China,39726029
258e60f5-a1f9-4b50-8c40-5e792980bc0f,Bubbletube,349 Cardinal Park,Finland,92392621
3bef5f9e-5ee8-4744-8143-5c7ce138b5bf,Brightbean,2221 Beilfuss Avenue,China,38593081
16c8f515-537e-42d2-96ed-a30d919787e9,Skivee,87387 Crownhardt Avenue,China,83252206
a87e9a55-acfb-435e-a3ab-4d41e851b1a1,Youopia,801 Sunbrook Road,Philippines,28031218
41ec0697-03dd-41ba-a4be-431e6d61664a,Janyx,8879 Esker Park,Indonesia,86509473
2ceff815-103f-4ad6-b447-2f53a8287c8c,Viva,4747 Beilfuss Point,Pakistan,13776574
a4836440-67c4-419b-b092-21cd5b61bef6,Tazzy,84 Lien Point,Philippines,25503057
774a1e7b-ca35-4e29-9c61-c2cda00948ee,Plambee,7 East Trail,Armenia,77945059
385dde18-c692-4570-9e3c-336f91056834,Realblab,6078 Oriole Drive,France,41405276
bdc51c62-8ec0-4df4-b809-652c5b4a3a18,Twitterlist,4806 Donald Drive,New Zealand,63800416
5d6f9680-b5fd-4e86-8b80-6cd32ced16db,Voonix,4472 Golf Place,Ukraine,88189589
2f1c20bf-7102-4893-b623-4c2ed869ff15,Aimbu,4 Prairieview Avenue,China,38733548
dff75c2e-f0bf-4c34-9c14-32bd8b3e5098,Devbug,7807 Fisk Terrace,China,2274391
ed4cae51-379a-4448-82c5-53cc48febf2d,Jabbertype,569 Barnett Court,Philippines,84100952
ba91937c-4d1f-4b37-ab75-fb205cc7bf66,Devpulse,8 Nevada Hill,Democratic Republic of the Congo,918942
87c213db-0f5e-4ba4-a502-51564b7f1a12,Jaloo,868 Thackeray Hill,Philippines,5517858
b775e754-6d96-4889-b71b-64d7573785b1,Realblab,39 Melody Road,China,86920244
343278ff-4770-4671-97df-cf2d8de7ded4,Feedmix,5 Bultman Place,Portugal,80918804
2e619967-c645-45af-882e-9710b7a540aa,Tagopia,21 Lillian Center,Sweden,28390649
77898018-26de-4345-b42a-bdaf1a303af5,Kamba,85048 Loeprich Terrace,Mauritius,91399953
b428e77a-dfd5-4d7f-abc2-797f77a89251,Avamm,2 Duke Center,China,80505548
2a3b4c4d-015d-4601-847e-1b4e130d314e,Eabox,63363 Shopko Pass,Indonesia,16814632
aa32f6a3-1d7e-4f0d-9edd-5660e0a0e166,Skidoo,09857 Northland Alley,Japan,2236332
807dc0d2-437c-4aa0-9109-02f2991f80bf,Wikivu,322 Dakota Park,Cyprus,32346204
26f342ba-9f2d-4080-b509-133a5bcc6f7c,Brightbean,2692 Harbort Drive,China,104065
3b2f19af-5461-4a16-a7e8-02ab2fb2db26,Skinix,583 Springview Point,Thailand,81016730
15375d56-5af0-45e7-a9d0-a8fc62194253,InnoZ,54264 Service Pass,United States,52494628
89d6b059-c9db-4fc8-b710-da9a6d0b9429,Quinu,050 Sachs Lane,China,10852756
462cdf98-f2d3-4702-bb1e-7b4a521c02aa,Teklist,149 Nobel Court,Portugal,53970279
168ccbe8-9ca0-4b2c-8ecb-a98d13692e23,Oyoloo,62874 Riverside Circle,Japan,28760252
2a572014-6f47-441a-b0fe-dfeacd7edaf4,Photobean,80 Valley Edge Terrace,Indonesia,82077731
a26265d9-eaca-4c28-856a-4a659a6d20f1,Meemm,9686 Utah Hill,China,7934854
dc10c292-4978-4e56-96f7-5716c4ffee15,Yakijo,950 Commercial Terrace,Ecuador,14279023
75b37be0-8cc5-434b-81d8-2191e3b75663,Voonyx,116 Bunting Terrace,Haiti,10464540
f1baae44-0e1b-4452-8614-0fb92bf58665,Nlounge,91084 Loftsgordon Court,Yemen,39200984
b2672315-8590-4ef9-81f7-113e464c832f,Flashpoint,0136 Cordelia Way,Greece,15520946
0da3969f-190f-4654-8e8e-f47b31d81b7d,Oyoloo,20 Eagle Crest Lane,South Africa,73804079
19f7fcc7-9432-4716-85ca-6c65154a2887,Agimba,47 Briar Crest Center,China,80284889
c5122744-7ca6-423e-8782-9c84645b50b6,Fatz,9791 Butternut Junction,Philippines,35164316
91a17e00-77ef-46c3-b492-ebcdad5f95b8,Wordpedia,79 Welch Trail,Central African Republic,40372574
a070b14d-d437-49d4-b591-ce655954a235,Wikibox,4 Kenwood Lane,Greece,53804311
7e79fe1b-f9b2-4310-8045-5f0ddfca2c94,Latz,5 Anthes Lane,Sweden,66401040
7826f0ce-b138-4e5e-8aa5-b0e0f3a628bd,Flashdog,35 Becker Alley,Mexico,61845069
62d93e1b-699f-4943-9228-a51858d04aa8,Realcube,33 Schmedeman Center,Indonesia,95726088
f0c43304-4825-4eba-8a70-28ecdfe49cd2,Shuffledrive,602 Glacier Hill Park,France,35961177
8df5d3a9-25e6-4dca-95a0-13d20425a09f,Twitterlist,9 Ludington Plaza,Canada,35679597
1d4f6eaa-7a7a-4225-bbfb-c0976b72bd43,Topicshots,5 Scoville Lane,Cambodia,31645662
f1be7dc5-4681-4285-a70e-9e4b62eecd4c,Bluezoom,74 Browning Drive,France,39716975
b9270595-cd5b-49a2-b0d1-a98df7bd2e51,Oyoloo,90968 Brown Point,Czech Republic,78214529
89875713-6306-4c37-b1ca-bbc07438ac7b,Yakitri,68 Fuller Point,Indonesia,78011616
c03e5224-85ce-4786-b5ec-759bd2df07f7,Tagtune,46 Forster Pass,Benin,788126
5f56f743-d9cd-4c60-92a0-80445b9da496,Pixoboo,341 Blaine Terrace,France,51657086
9707cda1-09ef-43a9-a328-2574a42d871d,Tekfly,191 Northwestern Plaza,Nigeria,85668687
3f88ed9a-c2de-4db6-b828-69f89ac1c064,Mynte,14815 Red Cloud Point,Poland,70602598
d7fc2aa4-4045-41c8-8dbb-1937d71b415c,Wordify,136 Sugar Place,China,64709266
f380a2f1-0b41-471f-85db-c22a01ba75c3,Yakidoo,04345 Farwell Park,France,35232815
f4d725a2-af91-4da6-9a6c-bb41f50d77da,Flipbug,38910 Nelson Trail,Macedonia,42041868
e9328b27-9b7a-4048-a6a2-2c7dac934651,Demizz,53 Golden Leaf Pass,Moldova,94667199
960f70cc-9417-43bc-8fb6-d77e9d7f0e71,Skimia,63 Montana Center,Mozambique,79820547
318bf6f7-e979-4a59-8a6d-786afc7cd0bd,Twitterbridge,631 Rusk Trail,Russia,96771542
5f252c5d-01f2-414d-a45f-044b9f24e81a,Gigaclub,8377 Straubel Road,Czech Republic,75763818
f3ede6c1-e03c-4758-9bc7-31510ee301cd,Browsetype,0 Lillian Circle,Australia,7870025
c26a30f1-8721-464b-9add-9c740cb969da,JumpXS,28464 Brown Place,Philippines,5664536
6ca4a4ca-2a81-4217-9148-d57c05600d46,Feedmix,6 Dunning Alley,United States,38776873
c1503336-c5a4-4fa9-b8da-061a815d3419,Oodoo,5093 Moland Plaza,Azerbaijan,49702886
bb251f23-fbea-42e8-9c7c-4916847a0cef,Camimbo,92920 Brickson Park Pass,Croatia,77086049
6f7f0523-fa25-4c37-82fc-9200d4b38f7a,Topdrive,2 North Lane,Philippines,10976115
f759790e-a2ab-4218-9f8b-59a445f4cc17,Edgepulse,8486 Colorado Pass,Philippines,99595479
18e16882-04bc-4784-9c86-686fe265f14a,Myworks,34055 Memorial Drive,China,83148607
c02396e6-c1f3-4f99-b9f6-3c56fc619cb2,Skyba,366 Warner Place,France,67956794
2bb1f222-5074-44bd-b2ca-e5806e801728,Kwinu,82087 Amoth Hill,Mexico,84361914
416c1e37-a9c4-4c8b-8b7c-631cda3c83bc,Skipfire,70 Transport Parkway,Peru,19967852
0a757b08-fcfb-4f25-b14d-6e6fc2e8a44e,Pixoboo,6486 Browning Alley,Botswana,53956705
8a659556-45bb-4cbf-a3f6-08803e450279,Riffpath,1306 Mockingbird Park,China,9600871
4c02be46-aa91-4935-8fbd-7a86b345e0a4,Jaxspan,2 Brown Court,Argentina,10101408
9b194a27-9d27-4cd4-bca6-92ceebb5c637,Lajo,7243 Sugar Trail,Spain,4457015
be2bca9e-8217-4188-a150-9636bdfc2029,Thoughtmix,75937 Warrior Drive,China,95844576
da90d13d-d6f1-4ddb-bcb8-b509c8275bcb,Kazu,356 Meadow Ridge Center,United States,26362070
51dc12e3-079a-4123-a32f-b45fcad8f9c5,Wordpedia,1696 Schurz Pass,China,49828016
a6d832d2-0459-4057-aba9-eb384385e1f4,Dynabox,638 Brentwood Pass,Slovenia,83867
ecd3b2da-6411-4904-92a3-02bf10713e50,Ooba,17267 Continental Crossing,Macedonia,54744727
3d9a6094-04c2-4efb-a039-b4fd4f200fb1,Gabspot,6 Bay Alley,Indonesia,71734709
c9359451-e1d1-4bbf-a1f9-34d8e7422f2c,Browsedrive,843 Morrow Terrace,Peru,87515286
721ea6f2-4414-4117-8f9a-87b49f9dfef4,Camimbo,034 Ridgeview Junction,China,1239838
e9071e70-5cad-409d-9fc8-c7dbb39ee82f,Skipfire,0712 Little Fleur Lane,France,14787685
c9eb8c75-ea19-4880-9b6d-aa2fa2366521,Jamia,21 Butterfield Avenue,Poland,24488276
9c762cd1-f7e3-4148-9b03-fb90ce03cc35,Kazu,3990 Redwing Hill,Indonesia,28964139
fa87b53d-1286-441a-83d1-e86fe4a003d0,Dabvine,8 Bellgrove Park,Afghanistan,88991149
e406f8f7-d637-4f2f-804c-6d5c02823bf9,Thoughtstorm,6187 Swallow Place,Sweden,97809458
ff5c0415-76c5-43ef-8dd4-7df46895e98d,Feedmix,886 Hauk Alley,Macedonia,56282131
ed8eba0a-67e4-4cfe-a33f-cc3fac42bbe9,Devpoint,918 Buena Vista Terrace,Uzbekistan,58660539
09913930-0c48-415e-b865-0928b6d7a233,Dabvine,54 Mayfield Junction,Ukraine,63025034
3d5d0083-b31a-480e-880f-ff884033389a,Flipbug,87644 Vidon Hill,Germany,85070680
8aa3be30-3eb2-4eb4-be99-e3d9570f54c8,Voonyx,155 Hauk Hill,Indonesia,78479010
87292ffd-26f9-40d5-9e1f-ecbb69a71cb0,Youbridge,83588 Brown Street,Tanzania,6233133
a1d81d95-f888-4237-8479-0f4bee417c3a,Ooba,398 Sachtjen Road,Russia,27482820
d90ab7e1-45e9-45dd-aaae-8f8bb806c5de,Tanoodle,5393 Logan Plaza,Russia,55095276
8da86bbc-2aa7-4875-8554-dc4da5ab7ebe,Topicshots,3 Debs Circle,Indonesia,52013947
a3cbf44b-bdb4-45aa-a4d8-a7022e3fbd4a,Meetz,031 Arapahoe Trail,Indonesia,91437429
a051e68e-a2dd-40f4-8a85-7251bcb912bf,Zoomlounge,73 Eagan Trail,China,61186331
4ef98ce1-2ba9-4258-aafe-f2e49040ec8b,Skipstorm,099 Huxley Alley,France,19973420
5faeb484-8739-49b1-b16e-e76b2bf660c5,Topiclounge,6944 Harbort Alley,Philippines,50295327
090848a6-7900-450f-9bf8-6984b912bdcb,Abatz,8430 School Terrace,Iran,68472214
a7612759-37b9-4e09-aade-ed4852b93572,Ainyx,49 Commercial Crossing,Cameroon,84059427
d55168c5-97f1-4a26-8ad3-33a131abfc4e,Blogtags,1 Debs Plaza,Philippines,70263675
35122c37-2c3a-4de8-b4f9-00734d754971,Fanoodle,64781 Packers Way,Indonesia,55584554
ac2f86e1-e44f-4751-af3d-790eaaf82cb5,Viva,319 Corscot Parkway,China,55124332
34145193-9336-4ea9-865e-0a72b664c918,Buzzbean,1342 Hollow Ridge Place,Nigeria,43646692
0a5b26da-a8c8-4383-b59a-ba9cd2ef6c2a,Dablist,5 John Wall Street,Kazakhstan,22690833
8125a641-f541-42d6-9626-2d028dd25a21,Kazu,3 Pawling Pass,Poland,24281083
00b53621-ada7-4b36-b9f8-13a211b22e8d,Eimbee,91 Nobel Terrace,Kazakhstan,45151848
24f91109-d059-4cd6-bf16-303c1380c926,Yakitri,815 Jana Junction,Japan,90878744
13065a12-dde9-41d0-907d-6b6686e1b9e4,Tazz,6300 Namekagon Junction,Indonesia,2498413
9c89ce95-163c-4b2f-8ce5-abf4a5bb10de,Edgetag,72871 Cambridge Avenue,Denmark,18351049
a3469d83-771c-43a4-b66b-8befb570d97c,Bubblebox,420 Toban Place,Indonesia,28818990
6132a42c-5eda-4670-8bfd-9d5889a6f5ec,Mynte,183 Cody Junction,Slovenia,77461299
51aa182e-0827-4f94-833a-242e05ae4e6b,Kamba,4465 Steensland Alley,Russia,84129997
de1aba3d-5515-489f-ab08-3db6184c805c,Thoughtbeat,63310 Tomscot Parkway,Djibouti,71772887
ba713335-a6fd-4594-bfba-d3b7224e8ebf,Pixonyx,5 Jana Point,Sweden,98537909
acc8525c-9716-4c6a-b3d5-5ee4f8521dd1,Yabox,47213 La Follette Way,Indonesia,74336439
70bbb0ff-5d89-4098-a3fe-575b2cfdb0ea,Fivespan,715 Bellgrove Road,China,69202844
9cc0653b-e7bd-4b78-aaa1-4af7b1789594,Viva,925 Portage Street,Ireland,54082214
8730f617-68ff-43f6-b4f9-eec83a5ab6c7,Tagfeed,708 Chinook Trail,China,60419709
c8445f32-338d-4f9e-9c1d-0560b0127329,Twinder,2 Cottonwood Alley,Laos,95767964
666192f0-e68d-43d1-8daa-c12cf7c45f8f,Photolist,9350 La Follette Trail,Indonesia,91359333
e493213b-5438-429b-9336-f830a3abd292,Voomm,84420 Weeping Birch Way,Thailand,63527471
725487ef-9a6b-4d60-a7f3-3be76a086c0e,Oyope,8362 Emmet Avenue,China,32555512
bfab5b02-0700-43cc-8b07-c753fbe158f6,Myworks,14 Forest Run Lane,Indonesia,98645823
e27e7fe2-3558-4356-9184-f3878210364d,Linklinks,26 Pond Drive,Armenia,35620692
34c5bdaf-f06a-45f3-92b3-b9d1b5bc7252,Mymm,35 Bultman Parkway,Indonesia,7340492
0d11009f-c2d3-49e6-98b0-af1b8332016a,Yombu,544 Starling Center,China,92588882
34bddaf8-35c4-4703-a87c-1f14d23dcb20,Kwimbee,2 Carioca Way,Philippines,10768695
66d408b3-dc3c-4d83-a484-d5a49ce26683,Snaptags,9324 Eagan Drive,Brazil,47432864
b229e949-9f92-4df0-98a2-cc2b86f71641,Meetz,044 Manufacturers Park,South Africa,47486561
919a526e-4204-4d8e-842a-633457cddd7e,Yabox,66 Dixon Terrace,Canada,29942233
3f8b9482-6042-46da-a4bd-a9856688ffaf,Meembee,9744 Northwestern Center,France,44471708
e47f29ab-41a0-417a-be30-13e0e79d37c3,Browsebug,015 Rusk Lane,Indonesia,68499848
c3aa17de-ccf7-4a8c-9242-e733477dacd8,Yodo,4928 Killdeer Park,Czech Republic,80950371
40cc4c91-0d9d-4cd6-8586-e6e0df680897,Geba,78623 Dexter Road,China,3028174
663a7721-c505-45c6-8cff-c993cb888614,Linkbuzz,98695 Warrior Alley,Brazil,62684469
d0095bf9-acbe-4249-a3e2-12644184a022,Oyonder,93 Florence Road,Greece,68327402
01d56c8f-33fb-435f-a535-6efd85a39b05,Mydo,151 La Follette Avenue,Canada,16304979
d45ceb48-0afd-4dc1-b459-62713996f01d,Gigabox,72 Warner Junction,China,91218830
3c3884c7-d397-4f94-a5c7-5853af36d272,Quamba,54340 Grayhawk Junction,France,35445119
342bf7ce-a2d6-4a49-9095-ddba0dbd7b06,Jabberstorm,868 Manufacturers Point,Egypt,46075354
e8c4a3d5-268b-420a-aff4-0830a814d8a4,Agimba,8748 Harper Alley,China,54754055
a62e641c-fd2e-4936-9eed-51ce63b0698e,Babblestorm,496 Fisk Way,China,87458418
7f4bf7a3-edd1-4223-b988-d20f0d66844b,Realbuzz,08 Arkansas Alley,Indonesia,63739228
5337bbec-db2a-4e37-8f78-e3883d20007d,Mynte,5 Stang Drive,South Africa,87581631
c609f415-5b74-4287-92fa-5efc4e094034,Wikizz,4 Merrick Point,China,49092382
d31cd7e6-a24a-454a-b84d-d6644210f6ad,Meetz,114 Hanson Park,Lebanon,7900621
529da530-445d-4d05-aa5d-9ae06c1695eb,Jabbersphere,5 Shoshone Plaza,France,41814870
044e70fb-b053-4dad-b63f-94b95ea9d77c,Kwinu,2518 School Junction,China,56342128
968f0b60-cbdc-426a-b0da-0134c44de65a,Plajo,491 Maple Wood Junction,Indonesia,29592140
e60d7620-5e8f-4c86-8c3d-4c39cd56006b,Eabox,8 Rieder Center,Brazil,81075930
00740dd5-bf7e-4d93-82f7-13f2a8bd49b0,Viva,65 Hoffman Hill,Somalia,88691729
d5d6c884-1289-4dc7-88bf-cab3dd7af680,Brainverse,28 Lakewood Park,China,31144493
7fb17aab-b80c-49ec-9776-0faf2a6efbf4,Skynoodle,6 Blackbird Way,China,85226978
3baff869-07ee-44b3-8a1c-fe99d655536b,Oyonder,65 Hoard Way,New Zealand,2738930
3c751790-4dce-4aa7-90bd-f1152424eb5a,Skinte,93805 Victoria Circle,Macedonia,88557795
2b325e72-ae87-49c1-be98-ecd4ae164e68,Quimm,5556 Butterfield Circle,France,16419818
e3293c73-b1ee-4f72-a755-bf9ca11cdca2,Zoomzone,55034 Stephen Pass,China,37721730
1c889844-19a3-4adb-bc26-40a013e72919,Vipe,2 Lyons Avenue,Thailand,82211526
4ae24ddc-7a5e-45ce-b085-7af2e3c85599,Jabbertype,83 Saint Paul Alley,Peru,55274888
8a637138-9f2b-4bc8-80ab-b37e0fedc418,Quinu,52 Scofield Point,France,85888795
605ce12d-0da7-48f2-8bcc-f7ab7efdc074,Tazzy,62 Heffernan Hill,Philippines,66662073
57d40f52-6fee-49bb-ac65-fae8dc6db0cf,Yabox,33812 Longview Way,China,45967945
794d4d44-1d56-4005-9771-e6451f06117b,Topicstorm,9793 Nova Crossing,Indonesia,228958
0b840fad-3a9f-4155-b8f9-9208f4493d36,Talane,60597 Lien Court,France,87286786
5a658967-975f-4c4c-9a42-7e030899717c,Camido,9 Darwin Park,Indonesia,83245218
d3488b6f-77b1-40eb-b9e3-3c96d1d9e913,Voomm,67955 Westport Hill,France,57884153
81e50714-110c-4ca3-8297-11067b4cbf4a,Kare,0441 Ridgeway Trail,China,80739277
684d6782-b798-4387-8770-7475784c2771,Rhyloo,732 Forster Trail,China,5188480
d4e45a3d-5c69-4404-97ca-367fedd14d8a,Quamba,49 Cody Parkway,Canada,90856757
0fd15318-d1c2-4496-ad4f-248e592bda7a,Skippad,666 Hagan Court,Philippines,9647104
79fe1a4e-e0b5-45d8-ba68-86cc8b05d270,Jaxbean,4 Butternut Junction,Poland,30662253
07b70cef-c114-419a-bc36-c2c46f04592f,Gigaclub,06258 Muir Parkway,Indonesia,59001467
021ca31f-276a-49f3-8421-b7308b47359f,Kwinu,0984 East Alley,Brazil,37464374
ab5f0f6a-34b0-4327-a8c2-f06a94c32abe,Rhynyx,9 Bunting Hill,Indonesia,63446748
4dc42df0-315d-493a-82b6-419f4aa16493,Aibox,446 Fulton Crossing,China,56853211
71d91103-9171-4266-bc5e-4b97052a3017,Skilith,3656 Stuart Junction,Dominican Republic,42469566
73ee0585-30ca-4fe5-bde2-5d8e6c29a7a5,Browsebug,13 Kingsford Way,Sweden,63660968
fb36828b-f469-4ec2-8096-5c6d5be2791d,Browsedrive,73625 Twin Pines Pass,Indonesia,83900471
deebd162-4473-4caa-9cc4-892767a74bde,Wikizz,9969 Haas Place,China,7813479
16e4f7ea-ed9f-4d1b-a048-3201af226c81,Fiveclub,27 Daystar Court,Estonia,71438223
77bc3b6c-29bf-43fb-b116-499ad0d326d9,Blogtags,02858 Kennedy Hill,Bosnia and Herzegovina,66310745
5cdda24b-4b15-4a17-ad7a-5c3c64339e8e,Feedfish,2 Old Gate Junction,Russia,68743778
adca0b8b-a4e0-4d47-8877-5a886130ad57,Gigazoom,04163 Lillian Junction,United Kingdom,16909162
4d6dca19-1d90-4fa4-87f4-9801f46cbcee,Topdrive,6010 Wayridge Point,China,16826439
be5fda95-5fd3-4b22-9a10-98e823eba4b6,Voolith,112 Ryan Way,Indonesia,64355406
6e486e42-9944-492d-8fc4-ccb5a4920794,Wikizz,3 Clove Lane,Poland,8949023
303bfb6d-bb80-4491-9e5d-5c4fd0c5dc19,Yodo,68 Messerschmidt Hill,China,91898613
0707699a-be4b-4115-9b74-bfd1e1369c5a,Jaloo,97 Pierstorff Parkway,Philippines,10381878
c461484b-b641-404d-94d6-9d1dee8efeff,Babbleopia,8 Judy Lane,China,62028916
83f87349-f21e-4dd1-870b-44ad17825775,Kayveo,06371 Laurel Park,Russia,44608520
126f79b3-7cf9-4cb0-8e64-f4a0882eee67,Devshare,8062 Ramsey Place,Tanzania,91551083
70204ab0-f94c-4ce5-b3a9-7bb7693d342e,Skidoo,173 Kennedy Lane,Ukraine,78969585
a5eb91a8-b754-464f-bdf8-77bcd5666665,Thoughtstorm,6978 Schlimgen Trail,Egypt,53137626
ccf4a52d-deba-4fa2-913a-99e33e6a7d45,Chatterbridge,1779 Fairfield Crossing,Nicaragua,51731035
a1de2512-e425-4396-a6c0-d8c5b984c876,Skippad,7700 Ridgeview Lane,Philippines,53086418
11fb321c-551b-4300-9742-66e134522705,Aimbu,54 Melby Trail,Greece,35557074
cb7baedf-7efd-41aa-abcc-a489efb68815,Zoozzy,52 Talmadge Point,Belarus,76595166
c890cf2b-c0e2-4a56-aed0-7c7f5728058f,Gigaclub,01109 Lunder Junction,China,42964609
9daf6f97-ee6b-4bcb-9e1e-1e0dc2b64db3,Nlounge,3 Forest Run Court,Ireland,31206595
ff76089b-fbbc-4af4-b100-4730c89acff9,Aibox,7 Doe Crossing Terrace,Tunisia,64131080
6e599650-c8af-405a-84e8-e5dca0618c73,Minyx,4 Clyde Gallagher Way,Mexico,45932640
408ccbb5-cd35-4297-9129-719d344f3452,Skaboo,4 Grasskamp Plaza,Poland,14011386
89ffd5ce-627e-4d42-8227-576fca3ecfac,Twiyo,81 Glacier Hill Center,Poland,91140609
63fdfb5d-c2b1-43dd-870b-435d4af4971f,Flashdog,7 Center Circle,China,96074892
084553a3-fdc3-4398-8245-11343a0421c6,Feedfire,80 American Avenue,Philippines,83918575
3b45f788-b66f-41fb-8d17-c3dd922cb073,Twinder,99292 Walton Lane,China,44722668
1d4d6bbc-14ef-4192-9d42-8b374be482a0,Camido,15551 Brickson Park Pass,Brazil,75748666
1e78f6d7-038d-4873-86ee-8da81778734d,Photobean,26223 Reindahl Park,China,46244941
c9398ff3-5244-4056-b3fa-f4420b1d4128,Wordify,44080 Myrtle Place,Russia,41705034
2f176eb2-a94c-4aa9-8789-c514bc547aaf,Npath,04 Hanson Center,Palestinian Territory,88812842
7ab5dabe-ff17-4f30-8b33-7fb1b6088c38,Janyx,1982 Buhler Hill,France,33956606
00f70922-8922-4d97-b49b-422747985398,Yamia,37 Vera Junction,Vietnam,64319942
2fa82af2-8195-4fe9-b3c9-a479cc5b9a29,Nlounge,09744 Westerfield Parkway,Philippines,40890283
06890a03-5826-42af-abb4-14f9be976a0f,Avamba,0 Buell Point,Czech Republic,4225927
395175aa-5a3b-4450-b495-546ce21ae459,Eazzy,77749 Menomonie Junction,Ivory Coast,50830454
a226d086-2834-45b3-94f0-62cac27c003d,Rhycero,438 Memorial Point,United States,92683485
389e74cf-6183-4d48-ac13-1d6ed0cdda25,Miboo,7657 Northview Parkway,Greece,27596826
4c270393-a2b5-49bc-b808-3ab654352b1b,Twitterwire,3 Oriole Court,Russia,80509069
a868d536-0325-47de-88f2-8611a6e77c12,Yamia,8180 Myrtle Terrace,Indonesia,20227140
873da126-0686-4636-9f30-2c176d8c2d2e,Rhynyx,52 4th Crossing,Haiti,62476464
e729e80a-8af8-4d9a-b7b3-a5c104b7952a,Brightdog,4874 Northridge Street,Philippines,28466316
df83a585-153f-4397-9e6d-036f19c8d544,Quatz,72392 Steensland Point,Iran,37086972
95861cc0-99ed-4a5b-a51c-7f2199823015,Skyvu,37 Hudson Place,Argentina,10935543
57b19651-b9dd-43f7-be5d-ec45bece13c0,Npath,94 Pond Drive,Paraguay,36014859
53b2a0ef-5340-4b14-8081-7b099d606da9,Tagpad,49273 Waxwing Park,China,6578706
3b9ced11-8e6a-4dab-8c0c-20a4d274161e,Demizz,138 Messerschmidt Parkway,Brazil,64904004
60fc7f45-5bd7-442a-8a01-d61b9c8f0100,Mybuzz,7821 Weeping Birch Parkway,Indonesia,42398708
49ae6c85-d718-4eb6-b7f4-8fd4aa293c42,Zooxo,70 Melody Way,Costa Rica,98830411
9885889a-30ff-4dee-90dc-b9ea591663dc,Tavu,77065 Bashford Parkway,Poland,22478989
cd50a307-8b72-4fc5-a4fc-c33952009a57,Youopia,09141 Buell Hill,China,93119558
9e7e8db3-2c0b-4b2c-a9e1-cebbf156e3a7,Feedmix,7 Crescent Oaks Avenue,Philippines,57522462
81a92723-6630-43d6-bf2d-fc969a3d7872,Buzzbean,020 Forest Place,China,16767101
35209b15-6fb4-41be-9b4c-4cd5736aed59,Latz,62787 Anhalt Terrace,Philippines,40053147
1597de8d-3c30-4946-96ed-93530e6c3956,Babblestorm,264 Moulton Avenue,China,38250998
15478613-7945-4fa5-8fa4-bf2de118b57e,Yadel,06 Donald Hill,Cuba,26370558
272ee16f-a00b-47c0-8702-d99c6f825731,Roomm,860 Alpine Alley,United States,38665679
10813d7c-e403-4b21-bd5c-bd452d103b61,Mynte,09 Crescent Oaks Pass,Croatia,11976787
9674085b-5d69-49e2-8429-ac7749225fb3,Meejo,15 Glendale Parkway,France,94998126
3b1da224-7880-41c4-8e11-4f39dd687e64,Omba,30 Meadow Ridge Junction,Philippines,5229919
ab01262b-c61f-450b-b267-560fac784eb5,Browsecat,5 Comanche Place,South Africa,38467050
a699cf46-e991-4541-a470-3edbec104ed7,Eare,48309 North Crossing,Philippines,4186210
d96a8683-eec3-402d-82d7-2cf81f16f6e6,Cogilith,388 Main Parkway,China,61946390
1f951fd1-086f-4cfd-b501-b847e340906b,Voonix,25 Scott Terrace,Indonesia,32242427
8bd0b828-dc35-46f5-9340-b44de99db3d4,Edgeify,1412 Hauk Junction,Indonesia,91781587
14ec0eee-1e05-469e-81cb-116eebe09845,Twimbo,87 Sunfield Center,Greenland,52629499
df3aeeb4-5d21-413d-bfe7-c4ae98c3aaaa,Voonyx,03 Cambridge Alley,South Africa,82958167
f7bcfb47-1a71-4ad0-bc9b-8c8c539c1c00,Devify,944 Oxford Circle,Indonesia,24243939
d6a1d16c-14f8-4d50-8941-20994e96e40e,Bubblemix,6414 Hanover Point,Greece,50624964
9685ee77-5970-4287-a6e1-a7a737f4977e,Skivee,0757 Fulton Hill,Russia,59640502
545191a1-266f-4e12-94d2-7151eaf600f7,Mymm,1 Sommers Alley,Czech Republic,18804490
f3e3ccee-0706-4910-8e41-9909ed875a94,Kanoodle,8687 Schlimgen Road,Brazil,90427636
dc75f231-fab7-4310-a382-aaf167d71aa7,Kaymbo,39 7th Trail,Indonesia,34128736
237c2095-0278-4733-9aae-a1954bbdb203,Tagchat,6155 Messerschmidt Junction,China,55592640
bab15a1c-6bae-46cd-9353-b576309eca3b,Flashspan,2 Kenwood Junction,Guatemala,14289902
d6a937ef-6829-4f30-83f3-b09dcf2b3459,Realblab,63 Butternut Lane,Portugal,65233143
c6e67adb-25b8-4ac2-8618-bd68bf6323a6,Jamia,279 West Junction,Russia,14941747
e9ed0132-609a-46c6-accf-60ba83c59c51,Thoughtbeat,45189 Johnson Road,China,53808065
d18ba225-09d8-449b-a9b4-5ea0aad80839,Fiveclub,4 Ronald Regan Terrace,Brazil,58022788
34593ae8-6eb0-4773-b4c9-e593af2588e6,Flashspan,44360 Mallory Court,Japan,69743881
0752ad48-f283-42ba-9e4a-df0eb239f9eb,Divape,08015 Oakridge Parkway,Indonesia,91806933
a6c230e4-1792-47de-9a51-b1112e947662,Pixoboo,5 Mifflin Avenue,China,37929839
d3fe83d7-67d3-4f87-9361-8acd30b9a1ea,Browsedrive,4 Oak Court,Brazil,98377686
952e3970-4aec-4c4b-aa8a-cf5f6a9e5211,Centidel,001 Melby Road,Ivory Coast,88460670
817c1c60-6b60-469a-9e6d-c16b811ce415,Linkbridge,64191 Warrior Circle,Philippines,26711440
8ad7f05b-fe6e-458f-b787-0a61908dda85,Eazzy,782 Dennis Street,Ireland,90851207
c74f9217-9995-4e3b-a7b6-6a1a2d7aa96d,Topicblab,58729 Lighthouse Bay Park,China,71905115
b1f54a1f-5c2e-419d-ad1f-2750d09facdd,Avamba,0408 Kingsford Plaza,Portugal,16214695
70c23fdc-3c8c-4e08-91ba-2c720aafd912,Realbuzz,7 Kenwood Drive,Venezuela,95857111
48f9731f-350c-4cc8-b935-c367a461f3e9,Thoughtbeat,583 Hudson Circle,China,3456736
a66deb83-caff-47e0-94f6-232e9ad2f82c,Photobug,043 Village Green Terrace,Uganda,60649275
c6386afa-ffc7-4208-8014-72d5dbd160b0,Jayo,0446 Starling Trail,Ukraine,34778782
6d190414-dac2-4083-895c-864b74fade9f,JumpXS,33317 Londonderry Crossing,China,22699132
ab249fd2-77e8-45ce-90ab-5df55953db26,Jaloo,3186 Hollow Ridge Road,Philippines,8667034
eef26570-2c17-4366-bc8a-0dbc51afa436,Thoughtstorm,3 Hovde Point,Sweden,94915931
9efbab21-2e8e-4b07-8bff-3ff185a87413,Kamba,5 Rockefeller Place,China,11042620
c9cd1b17-c1a9-406f-beb5-4834d9da45e4,Linklinks,42 Kim Park,Nicaragua,60095443
77171844-c69d-4136-abf3-2bcad6f6fb16,Kanoodle,372 Tomscot Parkway,China,72719481
b9d9e9e6-e701-421f-b0a7-07c9f0ec8ae5,Jaxspan,08 Dakota Drive,Central African Republic,86955620
cac704e7-88bc-4ede-8ea7-3bcfc0d86c12,Blogtags,0216 Warbler Street,Thailand,82349372
d3024d53-d7d8-491b-81e8-daa974dd2fa2,Bubbletube,061 Oxford Street,Argentina,91912211
3a3dbc6c-e260-4f1e-8520-e7a6dc0ce513,LiveZ,3 Mendota Junction,Jordan,47338643
ff608fdb-0a3a-4f2b-bfcf-bd047ae43ad4,Riffpath,00 Saint Paul Lane,Slovenia,43944102
2d98d9f0-ff8e-4028-a185-a03eebd0507d,Avavee,4140 Memorial Drive,Indonesia,79488228
74e0b68a-4143-4141-b0dc-6e4540672ae1,Divape,59 Union Trail,Afghanistan,26513559
79d0108b-5617-49be-83cd-27777bcccd82,Skipstorm,272 Buena Vista Plaza,Indonesia,3044463
60be340d-3186-460b-8519-230c41ca2b62,Jayo,032 Dennis Center,Finland,1699995
17a3922e-319f-4ae6-b652-a52cf340593c,Jabberstorm,252 Summer Ridge Pass,China,26639914
8f2eb1a9-b959-4554-99d3-1f02c695876e,Browsedrive,7 Old Gate Trail,Cameroon,45430411
f907cb01-8ef6-4516-93ca-878998c0f7bb,Ntags,3779 Muir Way,Canada,172991
930ee34c-0213-4210-aa7d-7f35d17e58b5,Flipopia,1 Bunting Junction,United States,1565852
59417371-fe74-443a-96b1-d5fa98b8b9fe,Roomm,8 Vahlen Way,Indonesia,70257869
3d2027d6-7716-4a0c-a867-594473169200,Babbleset,57839 Talmadge Circle,Poland,92817307
8e449743-1426-4857-9b2e-4b9c2239cfec,Dynazzy,382 Rowland Way,Brazil,83553348
38f2b3ab-6d11-41ef-8f76-4bac7f92cdbd,Skyble,327 Maple Terrace,Russia,51565295
f5363169-5565-4e16-a346-c34db0106dbb,Zoomzone,1 Rowland Parkway,United States,3434364
3419316b-e58c-4d47-9d30-065d3e9994af,Topicstorm,1 Mandrake Terrace,Philippines,57733704
b7c3c7f9-1e65-420c-b697-fc0362395004,Vitz,51 6th Hill,China,62218456
3fa265dd-9d29-466f-a50a-5509a882d02f,Twitterlist,78683 Superior Road,Georgia,65109930
8f8674b2-1e01-4d1b-bc03-2a5bd754318c,Kanoodle,0131 Thierer Point,China,48742501
d37260ec-f4e8-4fa3-9acb-705f79f8841d,Tagopia,64133 Pearson Plaza,Canada,1730255
c091038a-14e9-42bf-9c99-2c61ebd08ba9,Jabbercube,731 Onsgard Park,Russia,92085113
4ff3076e-e7a2-44b0-9e1b-8b63b2da3d1a,Chatterpoint,59 Rusk Park,China,34320567
52d0799d-4bb1-4525-a024-9b5ce6145bf4,Vinder,1808 Jenifer Street,Brazil,50413681
aaa950de-7ee0-4709-a1da-e0f801253234,Fiveclub,602 Bunker Hill Road,Brazil,3710244
3aac5098-55c1-42d3-825f-d49915dca52b,Twitternation,2 Brentwood Hill,Russia,30436384
c3955251-4dce-4f65-8bb6-c612e0190787,Brightdog,4780 Old Shore Terrace,Bangladesh,85996791
0632ef94-f8c0-4f5e-8424-db6c2e1eb4e6,Fiveclub,196 Canary Hill,Russia,99708611
8026782d-e6b1-4bd8-9c8f-6ccc5b0d3c2b,Trudeo,78613 Fulton Junction,Russia,72848666
f9bd8c60-9f23-4bc7-be2b-dabcca48adc2,Oodoo,11350 Ridgeview Crossing,Poland,97362198
1c5d1a65-5838-47ba-b869-06ba8435d0c8,Twitterbridge,04259 Killdeer Pass,Yemen,36468923
c6f14205-e6ce-42c9-9505-f08145843914,Brainverse,43389 Sauthoff Road,China,44592841
948e789c-4204-4f6a-b4f0-b0f99855079c,Skibox,74 Hudson Lane,Poland,23005866
cd354d5d-24c2-4524-a9fc-82b0719a3657,Dabfeed,74 Blackbird Point,Iran,34304067
13dabed6-8f1e-4a47-9c4f-6f518ac8ed8c,Wordtune,8442 Merry Center,Indonesia,89456478
22c8efcc-7282-4d33-bc78-d4e46060e7ee,Innotype,72 Debs Plaza,France,32070417
7d3bc948-2537-4b79-8651-85f0e8b6ad56,Edgepulse,734 Starling Alley,Syria,69322028
e43ff57e-abdb-4515-9d29-8ec683ea3bd7,Devpulse,07 Di Loreto Lane,Poland,52688573
d90fd19b-237d-439c-b01f-f4659cf51c0b,Midel,46782 Monument Junction,United States,38000241
13f01cd3-cf1c-4628-b1ed-608919d80d3f,Twitternation,73 Arkansas Pass,Tunisia,41894517
40cd63db-503e-4239-ba1c-4b501131ca46,Oyoba,3259 Lukken Hill,Russia,79167673
fd771041-7a7c-4fb5-b85f-d4dbf7a84a7d,Jayo,534 Roth Drive,Portugal,5020603
71487d81-de97-49d0-a8eb-55e693546e73,Ooba,8839 Meadow Valley Drive,China,82385674
b4a02022-6b15-465f-827c-9b77e56f5df4,Yoveo,46398 Rieder Parkway,Sweden,29788849
f5d0e4f6-3fdc-42bc-91d6-ac69c22febf2,Shufflebeat,3 Prentice Terrace,Sweden,56978329
301966a8-1ad8-4d97-9a7a-383b2cd28dac,Voolia,7 Hintze Terrace,Indonesia,39376854
afde3239-84cd-4b77-aaa6-de00567fb144,Jaloo,55 Lakeland Plaza,China,73249627
6d36cdb1-dc38-4a15-83f9-9c287e52d4f2,Feedfish,930 Manitowish Way,China,75446013
ae05525f-acad-4b44-8900-ea761694e38a,Skiptube,5 Corry Hill,Afghanistan,24380865
08e3c97c-c74d-4454-996e-3e25a00548f4,Jayo,31951 Northfield Road,Indonesia,53653203
dbff4ff3-f3fb-4249-8475-94571d6cb7e3,Skidoo,42566 Maryland Hill,Pakistan,93993189
8c26553f-952f-44f8-a8eb-9181b2116664,InnoZ,721 Brown Circle,Kenya,13230691
a1bd8cb6-3fd8-4c24-9132-4356f1041fb8,Meeveo,2 Dwight Point,Jamaica,96594568
bbf86b9c-fdfc-4df4-8ee3-e3cec88ccf62,Yoveo,7442 Hansons Parkway,Macedonia,52709897
0c453d22-ceb4-4c86-b731-aa2a43c46630,Ozu,15 Bashford Park,Venezuela,33844728
06ec956e-96ae-4e5d-912d-a25feea12e45,Browsebug,9 Ronald Regan Parkway,China,88647458
fe2c0f56-36bc-44d4-9a60-99495b7da956,Youfeed,97169 Dunning Lane,Philippines,3524525
085181a9-3322-4b18-a2c6-a2de1f8a17c1,Zoonder,555 Hollow Ridge Park,Cuba,75575457
e932322d-6dc8-478e-96ec-bd364bd61dd2,Brainsphere,1065 Lillian Court,Portugal,66841320
6b1b7114-a96c-4157-ae0b-7dedd876538d,Mycat,4 Victoria Terrace,Bermuda,56516976
bcbc9633-06c7-4a47-8a7c-49a567668aa5,Yombu,56297 Jana Street,Norway,40700715
e947c35d-9a0a-44a7-b0d8-f26b23893ebb,Edgepulse,0 Roth Street,China,89415928
380fec42-7aa9-46c7-94cf-269056a8b6bd,Realcube,2997 Saint Paul Lane,Poland,89057789
b4bc5e4e-1a4d-4319-b7d7-2ceee86b1636,Buzzshare,5998 Reinke Pass,Philippines,42571677
bb41548a-3b0a-4550-995f-8359746b7ade,Shufflester,186 School Point,Libya,54631222
9641de94-b946-46a0-a873-b33400c98bb9,Photobean,7 Main Road,Indonesia,85379398
e96ece1d-4a3f-482b-b6b2-be57831c556d,Teklist,7 Dexter Park,United States,73644287
17d04b06-8ad3-4015-9d85-68d4c97161ca,Zoovu,8 Melody Crossing,Egypt,217845
f1a3059b-636d-472a-9a9d-c0677aace903,Yodo,54 Union Drive,Russia,64768056
932adc76-4094-4334-8a94-50cd8195810b,Livepath,3 Dahle Trail,South Africa,38518444
ada66dd3-e25b-45cf-83ab-ec71e2b4807e,Innotype,28660 La Follette Place,Indonesia,36874090
5fc2e8e9-0759-431b-85f2-53bf521870b5,Zoovu,82 Pearson Trail,Mauritius,81143957
4b8ec858-e466-40b6-9768-f9b6f1fff706,Ailane,38 Dwight Court,China,36541976
9ae1cf62-951a-4272-981c-155076eef503,Realmix,73417 Bayside Place,Japan,32748129
77cc2e45-2c11-42f5-89b0-9c774e56e9e1,Eamia,43 Golf Parkway,Indonesia,93421533
788af87c-7d6a-47d7-94ac-2d1b070e32b2,Buzzdog,7202 Carey Junction,Chile,33422339
267886bc-d4c8-4418-945c-38be4188190e,Realbridge,96303 Lighthouse Bay Hill,Czech Republic,17361231
bc8afd64-1fb0-471b-a001-8620ab371762,Thoughtbridge,88 Dakota Avenue,Philippines,94816687
84e11c80-1d15-4400-85f7-76a5aba69b86,Kwideo,74 Sauthoff Way,Russia,20512081
d820df6b-9db3-4d78-be78-8e9e7b426caf,Quinu,20 Cottonwood Plaza,Philippines,35163697
d03e03ab-c7a1-4bf0-bd2c-c834c27b4c6b,Edgewire,4055 Gina Place,Malta,17877417
3ec13852-3fd8-4a05-b4d3-38225427b7a1,Voonyx,43 Gateway Pass,Azerbaijan,19531241
3778ec0f-7bde-4a2a-9025-d379ea60f166,Oodoo,8396 Lotheville Plaza,Syria,67730243
b76820d1-36c3-44f5-917a-3f74cd5e4cbe,Gevee,92 Birchwood Point,France,4414429
7cb60abc-97a2-483a-9b56-b49de375c845,Edgepulse,972 Lake View Place,Philippines,35931798
dd705169-720c-4c81-a324-83aff1ec868b,Voonder,26476 Lerdahl Court,China,62744947
667d33f2-bdad-4de3-b895-8370b6cde131,Cogibox,6 Caliangt Park,Thailand,62842425
fd15d947-7d79-47ae-a230-c2244f97d9e7,Voonix,5 Dovetail Avenue,Brazil,88168523
142fb84b-0991-4f4a-8814-42edce3aa9b2,Gigashots,3 Lien Plaza,China,83446107
37452d3d-f6f3-40c4-92ee-f25e3b6f8e41,Linkbuzz,10651 Melody Terrace,Indonesia,18018671
528bec89-087d-4888-8111-a0c8d6415d9c,Realbuzz,49 Helena Parkway,Indonesia,21821298
e6b1fac5-4fb0-4231-9704-b0add93e31b2,Flashpoint,284 Bluejay Trail,China,24022610
579f2c60-c71b-4f50-b828-02f2fc6af42c,Dynabox,3058 Blaine Point,Tunisia,40994305
8b024d71-215c-4e07-a2aa-b50fd3a36d1d,Flipstorm,0036 Crowley Drive,China,73795605
12399780-3029-4865-b706-d656d64956fa,Rhyloo,2 Havey Terrace,France,78943572
4329edf1-8e00-4625-ac5b-ddfb8c37e8b8,Realcube,74 Walton Lane,Bulgaria,72084243
a1060954-bf82-469a-8a0d-30b52676b519,Browseblab,38844 Darwin Park,China,59328075
707b55d0-2007-4ad6-8151-3189b0e4e0d8,Devpulse,2 Kings Trail,China,60450333
e0215fc1-1446-43d8-a437-5f6f13f638ac,Photobug,51356 Caliangt Point,Syria,30287596
698e2333-c09e-4e84-9034-dae9c7844083,Quaxo,7562 Bowman Alley,France,11285871
5b3eb15c-fbcf-4c56-bd9b-3b2a38b36dba,Tazzy,58992 Mifflin Place,Israel,85451003
93457506-9518-4575-bffb-ce5af5a8b222,Zoomlounge,368 Orin Parkway,China,57110163
ec1095d0-e78f-4ddc-acdd-b26472b71378,Kaymbo,3692 Troy Avenue,Indonesia,25327377
a931da74-0a00-44a0-b7e2-b63c6377cdfe,Realmix,8 Kings Pass,Japan,3146192
95448a46-3688-472d-a158-a4f9310d52b8,Oodoo,510 Kingsford Circle,Indonesia,59891010
6fcff29f-579a-4b1d-b600-8e12afbc02de,Ozu,38859 Darwin Parkway,Indonesia,47994622
87185c5f-84f7-4f56-9397-5ce3cdcd508c,Edgeify,0 Del Mar Parkway,Czech Republic,22272128
64cc8631-159a-4d93-94e9-d29e6882b90d,Teklist,9 Service Alley,Colombia,50878998
9cff2f8f-f55c-41a5-9dc8-350a7da4b4df,Thoughtsphere,23 Clyde Gallagher Drive,Philippines,43681970
7f5304c2-8b6d-436d-96e5-37bd387adc30,Oyope,95074 Twin Pines Court,China,14832996
36f27126-3e08-448e-8daf-97662944d84a,Kwilith,04 Hollow Ridge Street,Sudan,54134093
fe6e82e6-f064-49da-8f02-9ab13c9f48d5,Livefish,609 Declaration Way,Colombia,95317528
3eb003f0-75f7-4de4-be03-83c1b2f9a719,Thoughtstorm,20 Summer Ridge Lane,Ukraine,66120638
0a9d6b5c-d8ec-4bd5-a776-d3c53ed64ced,Roodel,710 Calypso Center,Canada,84074136
f13b7cd8-9478-401a-bfca-ec0cd4ba2820,Vinte,817 Thackeray Plaza,Portugal,95350689
1acc3931-5443-458d-b1b3-56f944b4253f,Wordware,14835 Green Ridge Pass,China,43131124
471f1a72-5fc6-4a21-9a10-c512bf8c4cac,Zoomlounge,83 Dayton Drive,China,92437654
71eaedad-187a-4c4a-b9c2-df4822c8919d,Zoomdog,32 Golden Leaf Pass,Portugal,1606108
14848fcf-f983-42df-9638-f22bc9adf3fa,Agivu,96075 Transport Junction,China,12084055
fd38ea06-5c0d-4b88-85dc-ed56adf33f59,Realbridge,2 Stang Lane,Indonesia,42336181
1eab2b19-7034-4e68-9275-3248d26ee6fb,Blogspan,512 Briar Crest Avenue,United Kingdom,34343117
730f3a00-0ad2-4ae2-b07f-34fd86d81e55,Skilith,229 Granby Trail,France,47384426
0fa8c4af-a6ab-4bba-88de-4a1e0843e396,Dazzlesphere,8 Commercial Circle,Sweden,80211542
71fe9b1e-bdb3-4016-b1d4-df7e0c0f449e,Browsecat,79172 Lotheville Crossing,Indonesia,21479180
f93ebb23-d0b3-44bb-bf2d-ec26b095e09b,Divavu,81927 Morning Road,Guinea-Bissau,16881746
f4c4de5f-d06f-4d86-a6b5-91b1a398aaed,Topdrive,5798 Menomonie Parkway,China,65209267
942b1409-5d4d-4dff-bd1e-d48cbfce0ec6,Brainsphere,28453 Tony Junction,Sweden,68037340
11e3cc11-a3f6-4b54-8f3c-46ee6f5bb535,Kimia,8224 Iowa Crossing,China,95864632
121738c3-2766-4351-8c10-fd7fffce636c,Tambee,28 Comanche Crossing,Chile,68831250
bd7f19f9-93f1-437c-bd9b-e187e483a409,Ozu,7549 Old Shore Place,Argentina,25073020
4433353a-592c-4bea-8e7b-32ae723f29e9,Skimia,3 Hoffman Point,Norway,81067504
8808c3c7-034d-4d7f-9a3c-8116796c81c3,Mycat,1021 Ruskin Point,Indonesia,60457813
d2ad0c1a-5e19-4ab3-b77d-c9c36cfee3a9,Myworks,344 Brickson Park Circle,China,13105433
da1b9b3d-fd82-400a-bf6d-ffe858d37cd4,Cogidoo,58659 Golf Course Alley,Indonesia,98626827
4876697e-acf5-4aa0-a24f-2472acc239c3,Yakijo,0 Ryan Center,Uzbekistan,79231321
96e8ca0a-8151-496e-a0d1-6617d5c809ac,Jayo,41 Butterfield Terrace,Ukraine,83150020
256f9a57-04da-4006-83e9-0919eaf298dc,Shufflester,94822 Manufacturers Road,Serbia,47527751
94bacfea-c7f2-4d7f-9add-2b8d220be72b,Photobug,3597 Village Green Pass,Portugal,59205745
df978b7d-2e9b-4078-a299-ed4e1d9b6d09,Jabbertype,00 Russell Avenue,Indonesia,2449514
64c1c098-be41-4171-a36b-9063db483760,Lazz,6 Mcbride Junction,Russia,44536622
4fa1666e-42af-453c-9534-46c69301ced1,Livefish,7 Stone Corner Alley,Colombia,14660486
c4b32f0d-07ed-4d7b-bdf5-4f137266abde,Photobug,89 Farwell Trail,China,21593151
2a267fa7-e2d3-41bb-b75f-e4fe574ba4a2,Wikivu,60 Pawling Avenue,Thailand,27377642
b9cfb134-cf38-40f8-ad86-027320f8b4f4,Tanoodle,094 Rowland Trail,United States,4854967
b8f49947-5f20-460c-a640-e82acbd5fb1a,Twinder,3064 Daystar Circle,Philippines,5766093
1c3d6c88-2011-44b6-8a3a-950a779d86da,Zoomlounge,715 Westend Place,Belarus,49057416
7d08a785-6e29-4f17-90e8-bf9e0bdccb84,Oozz,3889 Del Sol Junction,Brazil,3158159
fe97ad39-463c-4622-8b3f-b50c67ca1186,Realcube,49095 Maryland Avenue,Norway,29967236
8f4396f4-c8f3-408e-9cf0-c1312c1f283d,Talane,38816 Milwaukee Crossing,Japan,41014321
518ed74d-fdbc-43bf-95df-bb9df2101057,Topicshots,971 Memorial Center,France,33299079
b4a430b7-4398-4610-9bf7-f47db6dd3849,Zoovu,9724 Dakota Center,China,74197992
4f614d5d-ef55-47d0-9e6c-96902dbc69de,Layo,7452 Westport Junction,Bulgaria,2833832
57c4e152-ecae-4206-9ef2-179b5c4ecf3f,Plambee,8 Northland Road,Philippines,64737806
abb3e506-b25f-4a02-a755-b5af5e0b8e77,Edgetag,98 Buell Circle,Philippines,63856667
25c15c6c-8e57-4ba2-b738-60b63484ffba,Flipbug,157 Harper Pass,France,92305223
8a6e6a30-df42-4af2-8136-395f6af9a847,Quamba,525 Mariners Cove Point,Poland,81297256
8b3ffefa-81f3-4c5f-95b2-ed5cb0180c16,Flashpoint,647 Lighthouse Bay Crossing,Philippines,82344295
62396d8b-a92d-4cce-9928-2ddea412f684,Youspan,70125 Anzinger Park,Brazil,51007730
40ef1490-72d3-4ed4-b309-4e0de49e4a13,Eamia,22287 Columbus Park,Serbia,31734423
426bb661-d1b7-45a0-9c8a-71df7b9a9345,Yacero,5319 6th Circle,China,85641887
bfa1fd18-12b6-4625-9e4a-112f569ff241,Meevee,5547 Cardinal Street,Greece,99510129
2ce5f516-b2eb-47fd-8462-812d18dacf28,JumpXS,8 Anhalt Lane,Bulgaria,99250721
07841445-a07b-4450-8e8b-894aeb766be8,Bubblemix,51595 Elmside Hill,Ireland,41405901
c0170200-6d82-4e74-b8fc-560f7c57042c,Wordware,6283 Stang Junction,China,96811300
881c6b05-2a7a-4cf6-a500-1fb4adb52c72,Eare,9504 Hansons Hill,Russia,82481142
9cbfc6ae-c121-4755-8aa4-e01651cf5ca4,Topdrive,73 Arizona Court,Philippines,32566643
ac16edef-3be7-4537-8254-c5a1c24eb0df,Fadeo,7 Laurel Park,Indonesia,79878079
23958d7d-f442-490b-9a0f-78f7b11b89a7,Minyx,95684 Hansons Court,Czech Republic,84513803
e00dcae1-e28a-48fc-882f-bc214faf5b44,InnoZ,47092 High Crossing Park,Chile,58399402
678ba123-2bcb-433f-972a-829bbc560ff6,DabZ,18709 Granby Center,Indonesia,15846046
182aeb83-4c33-44aa-904a-50b416ef8092,Edgeblab,5 Butternut Center,Bolivia,903728
1d8e072a-f3c3-4797-ae42-5a959c64458e,Innotype,408 Pierstorff Point,Poland,24288536
f20d0f6b-46eb-4b35-9af3-3fd085061438,Skajo,26 Ridgeview Way,China,72026760
30cd422e-6e0a-4247-b569-297983bc1e43,Twitternation,7796 Brickson Park Center,Colombia,7872466
8fadfde6-e690-4ea4-a856-3f53621d1831,Quimba,5200 Almo Terrace,China,79039412
3f4155f4-1a05-4238-ad36-5791a7a8430f,Youfeed,8053 Pine View Court,Philippines,97572322
d8369703-1d96-4076-9249-af08d0cbac5a,Jazzy,5145 Farwell Trail,Portugal,31421382
0873bd1f-cab6-46aa-b289-7454af5b71f8,Realpoint,9815 Dexter Drive,Philippines,43784333
591cd25f-ec0d-4563-8be1-e75228b74f9d,Yakidoo,14206 Meadow Valley Circle,China,7213407
2f18f5b0-dacb-473c-8485-e473ced830fa,Photobug,8855 Gerald Street,Dominican Republic,67703797
c506a300-2775-4b9f-99ac-c948b6fc0baa,Trilith,5 Fieldstone Circle,Jordan,69215604
3766f94e-1935-4f03-99fc-5f7a50cb8dc7,Brightbean,3995 Bunker Hill Place,Guatemala,77425946
d6b014cf-c9bb-4827-849d-f434bf42ec87,Feedfire,8096 Hagan Crossing,Vietnam,79193502
230bb6de-1022-4d9b-ad7c-ce5ba807b944,Trilia,435 Stang Court,Mexico,784888
ed92455a-ce60-4fb3-9be8-5c343936f11a,Shuffletag,88 1st Lane,Mexico,38314819
21ccd52b-3948-4906-9e64-3b5d3344b426,Youopia,216 Anthes Terrace,Japan,41860240
b91c5734-f98f-4cd1-824a-5feef42aaf32,Yoveo,3678 Grim Drive,Vietnam,85351550
a2016da6-3078-4b2f-a70c-760d2794455f,Fatz,75 Quincy Street,China,49147275
1d31d91c-37f6-491d-ac95-95196230ebaa,Topicstorm,39496 Bultman Avenue,Philippines,85497891
10f30b9e-c852-49b7-94be-8c441b9184cc,Wordware,36 5th Plaza,China,12377390
5e39fc6d-eca9-4c5d-aa30-8a4daf1a9915,Thoughtstorm,0770 Grayhawk Park,Japan,32208963
ac11d95b-f060-4cac-96fe-180d672ef968,Devbug,6 Golf Course Terrace,Philippines,36587481
1b5e4f43-c99e-40a5-b5a6-194eb9314abf,Buzzshare,3 Green Ridge Trail,Bosnia and Herzegovina,78925287
e4c5cd7c-127f-4911-8e7d-925cfaf19256,Browsedrive,1 Haas Road,Indonesia,74231599
1530c515-2a0d-4273-8c54-f28da1b40eea,Mydeo,0 Vernon Place,Mauritius,230976
008470ad-416f-456c-8585-5140e4ebc85c,Kwinu,8 Fair Oaks Junction,China,68691105
6ade4934-852f-4b5f-9f33-a437e5db535f,Meezzy,2538 Bayside Parkway,Nigeria,40490652
7070da59-a780-4043-bba3-5712a78b67c2,Oyondu,2677 Sullivan Lane,South Korea,11486842
5c0648aa-21ec-4376-ab44-c8010770c498,Dabtype,64 Maple Crossing,Norway,62516686
b41ec534-b091-405f-8052-5698bb74bc90,Vimbo,20 Memorial Crossing,New Zealand,58717027
37731fa4-432f-4265-948e-c49b18aad24c,Zoovu,74 Warbler Street,Russia,13018401
d6c5b621-faae-4754-9e28-8a8e6a15ee5f,Kwinu,833 Magdeline Circle,Ethiopia,26142069
c4792670-46ca-49a5-9e7c-c65842916e60,Twinder,6 Linden Junction,Brazil,17403447
020ebd67-7381-4f3d-9517-51655bf44c9c,Myworks,5364 Barnett Lane,Indonesia,79275872
7c676c9f-b808-4897-979c-8208268238c5,Viva,246 Hudson Hill,China,32838070
6e25aea6-71b2-4de9-ae86-74d306bb46dd,Photospace,36 Barnett Point,Czech Republic,54040621
ccb79c39-cd7f-4751-8268-c63dd24551df,Oloo,74 Schmedeman Pass,Russia,35769845
56157998-001a-438f-a4e1-3db77bd32868,Demivee,89216 Cascade Drive,France,55251726
c426d8a6-5a4d-466d-a4db-fe2c865d6178,Jayo,2439 Stang Street,China,95318605
a07f38cb-0d75-445f-9b43-7c4e781cd53c,Fatz,92 Di Loreto Court,Vietnam,19860662
98b9be15-22d9-4fe7-87bc-538b4b297a05,Gabvine,8 Bunting Lane,Indonesia,53477082
c1c5319c-667c-402f-8f5f-403a61c52e0e,Bluejam,5 Badeau Alley,Philippines,93689659
9d0c3d7c-050a-474c-921b-9bf54d3e4889,Gabcube,9628 Forest Run Terrace,Norway,9144094
2b3c4f87-18fe-440a-a80d-3acda89ba62b,Eire,43 Hansons Way,Cameroon,42896829
506fcac0-fd5f-4276-ba87-69cf8e8b810c,Zoomzone,08 Judy Road,China,59853956
4781c07b-b8a8-45a2-afe3-540dc4139d7a,Livetube,20938 Eastwood Parkway,United States,211384
fc5bab6e-86c9-47a8-b186-3e2636d6c91c,Thoughtbeat,14367 Florence Point,Ethiopia,71257428
d3a5c264-0576-4f20-943a-5f50a72471f7,Browsetype,604 Helena Court,China,29524805
f5911617-2548-4bc4-924a-bfd7f4b2ba09,Izio,4802 Lindbergh Drive,Czech Republic,49473271
1a29efd0-c67a-4cbe-a7b6-ad88c253e985,Jetpulse,71990 Del Sol Alley,Russia,33835286
22358174-2bc1-45e6-8e5a-747a36f0441b,Dabjam,2 Lukken Hill,South Africa,27257527
dc5acd79-3cd5-4344-9fde-ad5666ab11c2,Meevee,25934 Susan Terrace,Indonesia,9561031
25e94506-336e-4d6d-8a09-127ee28dfd15,Skyvu,61 Quincy Court,Peru,34190505
95eb206b-b3ec-4da0-b4b9-81e1d39de296,Brightdog,44263 Lakewood Gardens Place,Nigeria,96417325
20b6b356-825a-43eb-8dc6-e4909dd0600e,Jamia,6 Columbus Pass,Mexico,14844377
b2740a0b-e8a0-443c-b341-3cd6821edceb,Flipstorm,23 Hauk Terrace,China,86366268
4e43913d-56a6-4813-bcf9-2a08febd8361,Fliptune,5195 Corry Junction,Bulgaria,67577021
cc755849-d58c-4bc0-844d-3656e53d54c5,LiveZ,6 Brickson Park Road,Philippines,28906711
33e56b89-daa5-4e13-8b0f-b069ef6854a0,Realblab,4 Meadow Valley Pass,Czech Republic,25709990
48988e9c-6baa-44ff-88a8-e930ba5eae48,Devify,082 Esch Crossing,Indonesia,73313854
868fe3d2-6f4d-496a-828b-f2d51ced81cb,Skippad,261 Stone Corner Lane,Philippines,77366263
f7ac09ef-0454-4e9c-b510-76866ccee008,Riffpedia,4199 Lakewood Gardens Park,Tajikistan,55710049
db9484ff-7482-4e88-9567-0c29dc4939b7,Npath,9 Ilene Parkway,Reunion,90273449
27d6260c-cbf9-40ca-a8b2-cbcd47e27054,Muxo,33263 Porter Road,Indonesia,97231607
94e4ba6f-c5c4-4212-83a1-a60418929ba4,Digitube,228 Porter Junction,China,25575402
86148f15-a543-43ce-b243-e1d5c1a19a93,Edgepulse,29 Ridge Oak Road,China,86644312
237f7538-8501-4560-b374-7be13c681135,Zava,9 Sachs Circle,Indonesia,61984896
33eb6fa1-41e2-4cea-9287-dc1ba9304aa6,Centimia,2 Dovetail Junction,Philippines,50225083
672ceddc-625a-488d-9740-d9d9a16d40f7,Dabjam,43404 Jana Parkway,China,63799878
ceb1e85c-1312-49b2-ab37-61450d1193ce,Oodoo,188 2nd Alley,France,77222749
afc6efc6-2cf8-4b1c-a3b2-72c7ab1dbf05,Trilith,78 Quincy Lane,Brazil,63097654
13a14759-a202-4a5f-b992-63033511c304,Fliptune,26958 Saint Paul Street,China,520975
56f5b89a-4c17-4c13-ae7a-9fa013dba6ba,Vipe,0 Dwight Hill,Egypt,38552193
968db3be-ed50-4d6e-b894-c35577340009,Agimba,36631 Elmside Drive,South Africa,40636701
aa134153-6be0-44ee-b5b7-d7da90f00351,Devpulse,31 Fairfield Court,Serbia,32687146
bba06415-3990-4f96-8ea0-11ac879b5dc5,Fivebridge,8899 Mallory Alley,Palau,36985178
f2483de8-6b6b-481b-af3e-e08ee82ff177,Babbleblab,4691 Hollow Ridge Crossing,North Korea,33031999
28edba69-8633-4730-8b74-bf16e0604875,Jabbersphere,364 Stoughton Trail,Indonesia,9530183
1aa35564-8a1e-4fc8-9118-30b4cc1e34ec,Blogspan,69618 Rockefeller Circle,Brazil,33940037
59e6c6bf-1579-4087-b74c-e90b14cc528c,Plajo,34 Sachtjen Park,Brazil,85254321
536fd7de-6572-477c-bbe4-f33a98fa1c51,Innojam,806 Hallows Terrace,Portugal,3243608
1ce74c6a-5c4c-4442-b020-dc8ab5633404,Jaloo,80 Autumn Leaf Circle,China,96312105
7a9a8239-a432-46a6-b28b-980b8b0886c7,Eamia,20144 Summit Place,Poland,6382289
98af2c7b-93c5-436f-89bc-443074f584f2,Jabberstorm,9835 Paget Circle,China,33840959
9094fa3e-879b-4db8-b1a6-e8f62f725fd6,Wikizz,1 Gateway Point,Czech Republic,42849409
5bc430d7-38e5-4245-9513-02650de9c606,Thoughtbeat,48231 Mccormick Crossing,China,36342541
2277c709-c803-4db5-9505-07c04a945ede,Skilith,90805 Service Pass,Philippines,47730694
ae3dab78-8020-4da9-8bbb-5deb7b168820,Topicware,55843 Delaware Plaza,Russia,85300911
c999248c-7903-4204-96f4-d934029664cb,Minyx,5965 Meadow Ridge Center,Zambia,71206190
4cdbde62-6952-40de-bf35-c3f568cefd34,Quatz,17 Spenser Road,Japan,25936386
d344b2e3-fa07-4500-9558-e24b203d23cd,Browsetype,32666 Continental Point,Poland,56954850
02ddbcda-2663-427c-af64-d145a3ae90f5,Fliptune,0 Shopko Trail,Vietnam,90659692
0b3b5f6d-fef4-4d98-9dfe-d1410305de9d,Brainverse,583 Pawling Terrace,Argentina,82690221
92d02aa1-3330-41aa-9f5c-f63a23811804,Nlounge,223 Saint Paul Pass,China,68548635
5119d93b-3b12-4e9d-85d2-54be42b273a5,Innojam,53141 Moland Court,China,10817165
19c4c864-d2a0-4e65-8c34-529e8646862d,Wikivu,68037 Vahlen Lane,Indonesia,81930977
b9e3f7cd-1663-49e6-ad80-f58b8b6c14fd,Omba,383 Fieldstone Crossing,Russia,13142453
8f04e31d-97ea-493a-9fe6-2aa80e8d697f,Chatterpoint,2 Hayes Way,China,54000173
7fe30319-6837-46e9-bfcc-cd146ee89299,Mudo,92880 Hooker Trail,Russia,42083197
ee761f8f-9a1b-484e-8dc6-5b6f198532f6,Jabbersphere,74582 Larry Street,Tanzania,79465914
7885bd65-2e52-46bd-b0f3-b55a35761163,Skiba,116 Buhler Way,Poland,79751473
bf90c24f-57d0-43a5-837b-13815424bb12,Yodo,16 Muir Center,Brazil,12675878
9bc92f5d-7f47-4b5a-b349-a327c8c2c907,Divape,8 Miller Alley,China,18079292
8358f099-e143-4134-ad91-b2c0d81ed16f,Livetube,5272 Briar Crest Point,Russia,45072603
ec999c30-01ca-4a48-9503-7f276d1dc7df,Fadeo,1 Arapahoe Pass,Saint Vincent and the Grenadines,78492119
f95a82ef-60d4-45c9-9c35-22d7cea93c19,Zoomcast,228 Farmco Place,China,83279325
529428fe-3a8a-4a31-afdc-5b87f695ca0e,Rhynyx,2882 Nevada Drive,Nigeria,75628218
daeb9cc3-48c7-43ac-9053-1fb8af415ed2,Linkbuzz,3589 8th Circle,Malawi,5758688
670a74e0-bad6-4571-b23f-cd4f463d338a,Layo,145 Nevada Park,France,56241578
34dc7195-5efd-4737-8ec6-233f1d951a54,Skipfire,8623 East Road,China,81587453
d51dd87d-7f0c-4f9a-9973-8535b842b31c,Tazzy,1568 Shelley Center,Netherlands,46138791
79d2bb9a-8601-4c95-b405-8d4ea0db0a23,Bubblemix,25934 Bobwhite Center,Japan,31394818
0f7d335c-dd6c-49e0-b93f-6227ba4e2890,Trunyx,094 Debs Junction,Netherlands,90369672
02638f3e-52da-4cca-b35c-0e35219f386b,Realbuzz,04870 Ludington Trail,Venezuela,4747364
e6f7b52d-5652-4c5a-89bf-8127c91a15aa,Mycat,52 Menomonie Court,China,91306101
7236fb29-20b3-459c-a124-a2aae992bef6,Kare,8 Roxbury Place,Russia,11838651
7f4b93d9-7969-493d-b935-2b10de2a666c,Oyope,503 Lotheville Crossing,Philippines,78129921
202a1241-b64d-4ff3-aab5-5d04b917bdd4,Viva,13 Buhler Road,Togo,37214369
1a851572-c4f4-47ad-a85e-5a9ce0ba2449,Roomm,347 Kipling Drive,Uzbekistan,14914134
97bd8dc8-9ac7-4f1c-a3bc-e1c9cf5c9c33,Meembee,86482 Holmberg Park,Indonesia,90572607
3647b1f5-4fc3-4a0a-bdfd-08bda58638ac,Pixoboo,3 Buell Center,Serbia,37463932
72572fa6-4392-4195-9422-c06777cb2b61,Pixoboo,5063 Spenser Street,Czech Republic,38512061
5c16c98b-78b9-43f8-875f-85f6bb71525e,Jabbercube,56 Forest Run Plaza,China,81701376
2caa4cd5-7d9a-435e-a5d7-0cb081a0a4e0,Eare,27021 Bashford Trail,Namibia,55610185
62c03780-db9d-4d48-803a-ef4d58d8cb61,Ntag,95728 Arizona Crossing,Thailand,26677886
e1597584-4458-422e-b8f4-aae5848c5c9b,Brainsphere,43618 Roth Terrace,Peru,16409731
314e95e5-e385-4442-86af-21d8d9d314d5,Mudo,11 Vahlen Park,Peru,3921271
d73a1d68-82be-446c-8a93-07847c7f7c72,Yombu,1 Corscot Park,Belarus,38456821
c2ae5b87-125e-4177-88f9-cf1d2b94e98a,Aibox,4745 Prairieview Place,Czech Republic,69942581
83cb9159-7e59-40a9-aea8-56cbd94586aa,Muxo,28735 Banding Parkway,Afghanistan,68909038
19bb563c-a844-4e4b-a7af-923d5b5850ce,Oozz,16 Coolidge Circle,Estonia,4570134
9fa1b25a-f34f-4080-9284-d211040eb6ee,Riffpath,9 Dwight Terrace,Poland,21984905
2294c01b-f4b7-4c75-a623-ba72f8813781,Buzzshare,83 Haas Plaza,Russia,1149257
d79ad728-5910-4a24-9127-08b53f068359,Mybuzz,11 Oxford Alley,France,94675491
ebf57801-3096-432f-a109-ee7a73d514fc,Podcat,1764 Old Gate Trail,China,9478165
21c9323a-fab3-41cd-a436-e7067c5c0c25,Shufflebeat,0851 Reinke Avenue,Azerbaijan,7611796
f76d7db7-e391-41e0-adf0-3ae6e92caa37,Demimbu,5 Johnson Plaza,Portugal,86954098
c32d28d4-4be6-461b-8e0e-b35e0e71ffdb,Rhyloo,357 Utah Circle,China,18527379
1636cdf2-a132-4f9c-95d8-26a9fa3e9503,Skinder,94 Continental Lane,Honduras,50882864
5388c000-8dbf-43b9-bb95-debcf34e1a74,Twinder,5 Bunting Park,Poland,2326192
d160e17c-cf24-44b3-a85a-c488f5aa50d0,Linkbuzz,7984 Tennessee Terrace,China,35432517
3a9a155a-631f-42d9-b405-c41c763e98d2,Zooxo,72875 Harper Circle,Thailand,7068076
b3ace7ef-beb4-4f1b-b2d8-efa7d4870343,Cogibox,3401 Westerfield Road,China,58646708
b947f188-d6bb-4b89-806e-97463cb3bd73,Agimba,4 Harbort Lane,Ukraine,71667024
d35669e7-db12-40e8-bac4-8572b192c468,Quaxo,02 Steensland Park,Mali,90030125
b529b39e-87ed-4eac-86f0-78c0dd585181,Wikivu,1 Fieldstone Point,Japan,95135828
246416e0-cefb-41ca-a32d-7d2542647b05,Devpoint,63377 Marquette Park,Russia,95767878
7ea0af69-86ea-4f19-a1f7-d8ee98a1b94f,Podcat,8723 Meadow Ridge Trail,Brazil,89194226
9593fb94-dc93-4fbc-a1af-cb6b53f900a7,Flashpoint,00 Sunfield Road,Indonesia,82672240
95c87ce4-2da8-431a-8f2c-0fc39700faa3,Topicstorm,6603 Holmberg Street,Guatemala,12428000
027466c7-eab5-4830-85f1-293c0f518e7c,Yodoo,5241 Esch Point,Portugal,79757056
f0e7564b-e22a-46bf-b0bc-328eb00e8425,Skinder,157 Arizona Avenue,Indonesia,71067714
2d3854b9-a882-402d-8f9e-447054060fe3,Kayveo,89 Vermont Street,Vietnam,77963287
e820d514-f625-429e-81c7-052fa0d84546,Jaxworks,20 New Castle Alley,France,23791659
74d71037-fed0-422a-bd5d-51a541632d4e,Topicware,50502 Spaight Drive,Azerbaijan,56188119
87c5aab4-cb70-4a27-99ff-e1a369eb61b3,Ntags,4213 Doe Crossing Way,Israel,48748951
eab718bf-a337-4b42-a126-99eef11bc469,Skiptube,0013 Badeau Street,Malaysia,43983658
f24bdd9c-5e6e-45ae-985a-606dd1279c46,Roodel,94100 Mcbride Terrace,Peru,84812452
05c167e7-5605-4147-a63c-77ce5bfb7add,Brainbox,52 Manufacturers Street,Reunion,70116143
66835b0c-3183-44ca-8d37-94b1f8a81a4a,Minyx,089 Kinsman Center,Argentina,416508
18eba81c-9342-4149-a807-617a602b90da,Wikizz,399 Paget Junction,Philippines,18951581
2238d865-42d0-4d2c-82f4-2ba747db1298,Youspan,59 Northport Junction,Bulgaria,3824209
673e7765-83ac-41ed-a1b3-96e89e2fd00f,Dabvine,58 Mandrake Terrace,Malaysia,55430305
c7209d28-e815-4937-8f74-a3c170263eb8,Riffpedia,16 3rd Terrace,China,10695884
0908b97f-f33f-4f09-b873-bf59d467ddd1,Youopia,1 Boyd Place,Myanmar,84081438
a39b422a-b0bd-4dfa-9e93-447096146ecf,Yozio,0 Pankratz Junction,Ukraine,58627330
ee092f84-503b-491e-a8af-c5d0fa17dad4,Skyndu,8022 Warbler Drive,Russia,97540394
ed15bd59-241e-4329-849b-14a0924e2581,Twiyo,090 Lukken Alley,Indonesia,40990048
1fc481b0-55bb-4636-9239-6d5ff0d3f485,Edgeblab,7903 Ohio Drive,China,86625450
fd039c1e-d1ba-48ae-9597-d2f3b74e7ed6,Photolist,3101 Nancy Avenue,Indonesia,41722265
777babe1-979b-430f-b487-f68b1e5f1517,Rhyzio,860 Thompson Plaza,Kyrgyzstan,15968842
019fe0f6-e645-4a1f-9480-f9a4a956c30f,Agimba,48 Fremont Center,Sweden,89235034
f13d3ae2-e312-47c8-a4ce-abcd0b7e535c,Quimba,12111 Badeau Road,Sudan,55907535
57496fc4-ac40-4958-af80-71fc400a72d7,Buzzshare,59 Muir Point,China,35169747
9442b931-d006-4501-b0f8-4477af02a7ba,Gigashots,4 Hanover Road,United States,5589847
8d7fbdbe-22eb-4c9a-8f9f-7b7a6e9ae66a,Skimia,9526 Dottie Avenue,Sweden,44732292
f3704095-52e7-47c3-b9c6-1f65534db294,Centimia,40122 Jay Center,Senegal,91815576
8ac34e4c-08b2-4a2e-835c-715210c2d6f3,Browsebug,56 Delaware Point,Mexico,72344933
1e290943-c655-4978-b2d5-c2bf4714b70d,Centimia,66 Donald Street,China,45393515
b60f00ed-477c-4be2-a88f-4352cdb4506f,Shuffledrive,93221 Merry Road,Uruguay,18334798
e84de875-8da0-4027-b17e-a5a23e287cad,Dabjam,80 Trailsway Junction,Portugal,70104614
5b162928-f478-46f5-a303-3d601ca8373c,Cogidoo,715 Cascade Circle,Netherlands,93336291
6f828fea-b991-40ae-8370-180bb4e3b1d1,Yotz,58305 Schurz Center,China,19627362
3e3b18e4-2b39-458e-ad81-316246c79d01,Voonder,71398 Kipling Park,Sweden,56080138
3ab421eb-ff7c-455f-801f-86a60d4f7c9c,Twitterlist,209 Graceland Street,Nigeria,39805632
8aeaa622-a4ad-4daa-803a-ba5203564f31,Kwilith,895 Continental Drive,Indonesia,97571079
c03cb3eb-d4b3-4912-a9ce-bd51b7f8adf1,Meedoo,610 Pleasure Plaza,Brazil,90019490
6e27af1c-8999-40af-b24a-af8a5f03c2e0,Youspan,10186 Union Road,Ukraine,66015813
49d28ce9-cb76-4271-978e-4006d90ac42b,Demizz,108 Evergreen Lane,Brazil,50904922
7cc846ee-f210-4f00-8055-e2fd2d80726b,Eire,3013 Anhalt Plaza,China,52123340
860ff11c-0974-449a-a927-47e5120afb5e,Kaymbo,22 Mallory Lane,Greece,59538654
e6f73b85-277c-4d4e-bb4b-9f8b0b0fe238,Chatterbridge,296 Surrey Plaza,Nigeria,31868724
c8c581b4-2a15-49a8-8d6d-f786fb8e4359,Gabtune,6778 Lake View Road,China,71543195
64d6fdfb-15b6-470a-9cb3-da4f65eef2db,Vitz,0659 Brickson Park Point,China,29432588
357a811a-216c-46a9-93e5-4c22c22a73dd,Realblab,38182 Helena Point,China,35115326
ea8f2515-e2ae-464e-922c-95bd2bb80276,Tavu,21591 Hazelcrest Hill,Czech Republic,52060277
1c868af5-6256-47da-bc87-28380a842109,Yakitri,720 Sunbrook Street,Poland,77333693
c589182b-0188-413d-b794-b900fdd3a89f,Gabcube,804 Morning Point,Russia,68966820
7de8ddf3-5ec7-4936-9ccb-2b25fbcd34bf,Skaboo,1 Nova Point,Philippines,70948440
285ba3fd-bd37-4704-96c1-9b222938d2be,Katz,2 Express Way,China,11267282
d9c4c735-985f-4e2a-bb42-1329cb06c527,Topicware,6762 Little Fleur Pass,China,53556005
4f4b7fe5-2ddd-49d8-b8f6-091f47973fe4,Meembee,5 Waxwing Terrace,Greece,50487301
49ed7f2b-7626-46b8-a180-9bad4f5f86e7,Jetwire,132 Elgar Crossing,Poland,95940398
0ea4fe78-64b9-4cba-ae7c-2b1034fe595c,Meeveo,4402 Raven Hill,Sudan,48803116
e839f948-be4c-4017-9063-1f6fdec438f8,Pixope,1669 Daystar Hill,El Salvador,35284567
c53c88cd-ce86-4361-b8c4-23d07a64f99f,Flipopia,760 Becker Trail,Poland,95690258
c07560b4-7c1c-497f-b7ca-14f73c47f063,Quatz,3085 Nancy Plaza,China,83175355
6e82c0a0-6fc2-40a6-add1-6744b587bdbf,Rhynyx,50063 Novick Center,Colombia,7178813
88c6808e-c1b1-4c05-862b-626f5e649933,Flipbug,018 Rowland Trail,Nigeria,21114410
97d8d722-2a0f-4643-a4d4-b5d24f1a9030,Fivebridge,70 Pine View Place,Poland,34092054
fa6ae1cb-8db2-4dd5-a084-d0801f2ea284,Avamba,21532 Warner Way,China,19424657
496914ab-4d63-46bf-9341-8bd6010150b3,Zoomlounge,1 Namekagon Lane,Libya,3493574
7b08ce05-b363-49e0-9572-ddfb78a0ec4f,Realmix,1 Pawling Parkway,Russia,35617354
e4f5ba77-1501-465f-80d9-cfa7a6ee6068,Jamia,8546 Cottonwood Way,Philippines,96218820
a80166c9-4b60-4977-87cf-d89cecaf1f29,Blogtag,57611 Talmadge Way,Morocco,32449162
80b30e16-2143-4315-ba38-fe097c69cc1d,Youopia,9 Duke Alley,China,46497711
40503e19-ffc3-40d9-bceb-7be5683f62de,Twitterwire,3460 Merrick Junction,Argentina,65180653
5f8d83d1-dd39-453c-9904-7a2778782219,Oyoba,7228 Utah Street,Portugal,55564161
2086dc8a-b276-4219-b866-67025ed335b6,Flipstorm,42 Commercial Park,Sweden,87339801
fb4aba6f-5b95-4358-9aa3-ea2bd15ac641,Skimia,0 Towne Plaza,Russia,68834684
806c652d-5bc0-4b8c-9129-a9d3c0422552,Yoveo,9 Corben Junction,Denmark,40682482
74574f6c-5168-4826-b44c-c1eb67fdbe61,Buzzster,96 Alpine Place,Czech Republic,19591705
d3c48a4c-5e5f-4309-8bfa-45d7689a4c08,Pixope,84 Sundown Terrace,Indonesia,30034529
1afc3015-c062-402d-be27-6171596360db,Skippad,19459 Talisman Center,Luxembourg,47643709
db3dcf47-161e-41bb-836f-e9f31b28c79f,Photospace,174 Vernon Court,Indonesia,76254164
e2b9a80b-71ab-4268-bfc1-e81ac27784ec,Skyble,0321 Merchant Street,China,12324347
988e51be-9835-4dfc-ae53-d66d0109d5cc,Trilia,979 Westridge Place,Russia,1909522
f523a93d-44d0-45e5-bb8f-02c62d997af4,Zoonoodle,3 Bluejay Trail,Indonesia,55552833
5188cf13-e0de-45bb-98ce-eeeee44df89e,Plajo,339 Judy Circle,Uganda,35931819
2e5edc90-3341-4460-bb72-68a3591e12c2,Gigaclub,09 Katie Center,Russia,60711419
dc9db3d7-667d-4dd1-bafc-0adf054db9e2,Gabspot,10553 Bunker Hill Center,China,45065228
d6793083-425a-4c3e-9ec3-8db2672ba22c,Tagcat,11 Browning Lane,Philippines,95040356
38f96e9c-680e-4f30-8b70-7c894dbc8c4f,Photobug,153 6th Terrace,Philippines,23715305
7c326836-ea61-4788-a698-9ec9ec224604,Quimba,9752 Transport Circle,Peru,14823342
88aa3818-2ef2-4135-8c14-c9ade18e01c5,Photobug,139 Dexter Alley,Philippines,17661185
625c0952-1523-4ccd-9bfd-e10840b9d312,Thoughtsphere,3 Farragut Road,Japan,5511597
ab67551b-2960-40f4-9815-81ac6fc63289,Mynte,842 Browning Plaza,Bolivia,10300453
d21f03ca-b19e-4026-9a94-34e8d6635cd5,Quire,2524 Transport Drive,Indonesia,51082974
a84b4ef1-02ab-49a5-9287-5a2181b331aa,Twinder,7434 Oneill Street,Sweden,95994845
c013de00-2e52-4010-b916-597820254524,Divanoodle,3209 Vidon Terrace,Indonesia,64440410
33983471-5e4c-4fce-962b-8e38fec7d541,Tagopia,320 Red Cloud Court,Ukraine,64418026
a5c4721a-9374-47f2-b2a4-855029607dad,Yotz,45 Fairfield Alley,Russia,1079350
af572209-e9cb-4bae-b0ca-9bc40e6e0eeb,Demimbu,84855 Upham Alley,Indonesia,61357574
ab34a47e-26a2-44fb-9476-2fea7f443b32,Devcast,8 Butternut Parkway,Comoros,93409298
a6a6dba9-cf99-458d-9e9c-f2eb8f67dc7a,Kanoodle,2 Elgar Court,Senegal,44137384
fbccf69c-0d8e-4559-a9af-55f25eaf94a1,Roomm,432 Oxford Trail,Germany,78853646
a09ae7b2-e9f2-4ff2-8a6e-2a5e8ac3c6a3,Muxo,9684 Tomscot Lane,Russia,63056944
48f45032-9115-46fd-bd97-5471f047a559,Rhynoodle,20011 Gerald Trail,Argentina,33475307
a98a93fb-5615-4568-9d84-1910318631f4,Jabberbean,2 Cascade Road,China,77725575
fce6a332-4b8b-4b48-9dc0-b650e1f1e41e,Dynabox,22502 Parkside Circle,Indonesia,85580083
eec9a24d-d567-4295-acc3-f5a492d84962,Mydo,52424 Graedel Terrace,Netherlands,49266217
ac3441e4-7c9e-45c4-bb31-10fd09263dc0,Riffpedia,63 Everett Park,Burkina Faso,11951470
da2f7dff-0ccc-4362-964f-a834daa28381,Buzzbean,37 Barby Hill,Egypt,9999127
27673c80-38e5-4073-8b6e-c65241313e07,Tagpad,9125 Victoria Way,Indonesia,31444013
bac61f69-6e9c-486c-8627-204187b89e9c,Topicstorm,734 Basil Street,Argentina,87072883
653adf2e-55ba-47c9-a0ff-78d1414153a1,Dynabox,4 Northridge Parkway,China,49513149
4ae56511-a6eb-4a64-8414-19b6e8b2d406,Thoughtstorm,05 Lillian Pass,Mongolia,8754664
be5d5deb-115d-4f39-8fd5-0e89f511d668,Lazzy,1 Division Trail,Russia,58681838
c914d47d-5fd2-4016-a319-b327cdad4ba1,Browsedrive,28058 Westerfield Drive,Philippines,97383150
b0c3fcb1-4c0c-4116-a72c-30b372a7f214,Tekfly,00679 Westerfield Alley,France,33984424
43ed0d50-0031-4642-b5b4-9555bad7b7b9,Yoveo,865 Hansons Alley,Indonesia,69670229
7ef56871-28f7-4957-8afc-d5aa2e30d002,Dabvine,78 Steensland Court,Sweden,70580096
6c34fc4b-71a1-4096-8673-86e5c6a56da5,Meevee,593 Blaine Crossing,Canada,68102308
0400df4d-2ba4-4598-b88f-79124478df9e,Twinte,196 Thompson Junction,Azerbaijan,83435406
1e9daf6a-a775-4fe8-a5c1-79ccd92ddb9b,Jazzy,54 Westridge Circle,Czech Republic,17188768
a6985a1f-95e0-43ed-8ef8-5da8b8277f54,Lazz,228 Roxbury Center,Indonesia,12268144
f958ab62-71a3-4305-8cc8-b30762824170,Buzzster,193 Buell Crossing,South Africa,68050954
da392189-b72e-4ba9-b61e-0202f486ea50,Avaveo,7 Michigan Junction,China,15709598
66e8a18b-75e9-4d2c-bc68-9596bb775c19,Tambee,93260 New Castle Plaza,China,29992871
1bbfe2cb-77fe-4cca-958a-ee178514c47f,Mybuzz,33 Morrow Hill,Philippines,56861950
0168ca3c-6401-4e64-8701-0db3665da07c,Jabbersphere,9 Talisman Trail,China,95359282
c1ea49c3-0aa4-4906-834b-ef1b46947961,Feedspan,0044 Oak Valley Terrace,Philippines,65003248
2373b590-252f-4f24-994a-f1baff3c0004,Trudoo,4 Sloan Point,Greece,99228849
98162909-7df7-4969-94df-abf8e7408b12,Skimia,7 Rusk Center,Canada,1673700
ffa86a12-ca6a-4960-b749-1a89465c64fb,Topicware,2 Debra Parkway,Kyrgyzstan,953075
9cb21e93-7e5c-4fdd-a76d-944c11247068,Riffpedia,7 Dexter Drive,China,30398054
e5098d71-df9c-4d9a-8db3-1a609a8d59fb,Gigazoom,44523 Basil Terrace,China,61066756
1966cc65-e7fa-42f1-83e1-caf0e43fe6c3,Yata,1539 Marcy Drive,Sweden,80114483
ab393b73-fcff-4a27-a55c-a0176089af3c,Trupe,15 Debra Crossing,Indonesia,12486345
e7722628-6ba8-40f6-a798-903f2bd47e90,Dabjam,70 Erie Junction,Indonesia,47589034
753a5ef8-0f79-4fec-a52c-75aa862091fa,Viva,577 Memorial Avenue,Portugal,82926828
47f5299f-1f48-4480-8859-58e1c41956f5,Linkbuzz,11 Bayside Alley,Russia,22158334
26987357-6476-4931-8de8-5ea4953bbdf3,Eadel,798 Jackson Drive,Portugal,83135314
a24fd307-78bf-4102-95d8-5286bac28ba8,Browsebug,290 Loeprich Crossing,Ireland,45135690
2779569b-b623-4cc8-a174-c44f6272df83,Npath,352 Sugar Parkway,Brazil,88859989
c2fefc3c-d475-4a43-a196-37e4a0bde3e3,Thoughtsphere,8392 Summer Ridge Hill,United States,62052460
b92a1d54-ac88-41fd-a018-08bfc31a4622,Kwilith,92072 Summit Way,Luxembourg,12389547
742ac98c-7344-4168-800b-2351a9e9c212,Yombu,3782 Dwight Court,China,73658993
26dd2ed9-87b0-4b91-9a13-99a9aad38047,Dynazzy,9845 Westport Park,Panama,66414285
f840263e-1d2f-482e-84d5-21fcdbeb6c1e,Viva,05 Golf Street,Philippines,19595076
baff77c5-8128-410e-b919-6c0efd3839a2,Oodoo,1 Oriole Avenue,Paraguay,32497491
7f116162-2ccf-4ae7-8f72-0220978796cd,Zoomlounge,89 Dayton Plaza,China,86730568
e8ee7b48-2c8e-4f73-b606-d31789a69c39,Talane,45968 Portage Parkway,China,72442553
9f35dc47-9481-4488-8a9f-408662919202,Gigabox,4139 Clarendon Center,Germany,473346
9340b571-301c-4e85-a864-d0ba7753b9b7,Brightbean,9045 Texas Center,Uruguay,62420720
88860bb8-ebd3-4133-8877-49c3b8253a96,Edgeblab,0 Forest Dale Way,Libya,75982881
ba0a6eef-f5c3-48d1-90e2-3fd4a31d488a,Yombu,2 Evergreen Road,Poland,44576604
0d16fcfa-c489-4cc4-b198-2b676fbab23f,Janyx,13 Beilfuss Lane,China,4937619
26bcd142-5b01-4e1b-bf42-c1f5576a0ab2,Vidoo,48367 Elmside Trail,Ecuador,60534003
50375420-07e8-401a-ae08-b0455db3ae9a,Feednation,90214 Red Cloud Point,Sweden,40362956
14f807d4-5e10-4487-b524-4bb6e45d72be,Jabbersphere,5787 Porter Crossing,Poland,48143374
a8e27bc3-bd7e-456f-8463-5c150a7de1fb,Avaveo,4206 Manley Hill,Canada,713282
82c9dad2-4b04-4623-98d1-3278dabcb30d,Kazio,9 Kipling Street,Colombia,35158451
ac900535-d6cb-4020-a1de-d744bb2a2db5,Rhybox,85708 Erie Alley,Honduras,41880554
c530a5c2-2f18-48d3-98ba-2f2a46790f07,Vinte,3 Clyde Gallagher Circle,France,8114045
c6bd849e-b880-4b3c-8ff1-6b128734521d,Skalith,21379 Tennessee Street,China,18444474
6a4440ee-8eeb-4642-b7d4-f2b2c26c676d,Meembee,5504 Loftsgordon Place,Sweden,71595589
d2a2c0b5-a23e-4852-83d9-25413f9de23b,Plambee,75 Jackson Circle,Peru,76524275
a85a1629-2733-43e3-9ee9-4bd4b7dca8b1,Dynava,48 Prentice Circle,Peru,63144238
f955d940-5fca-45b0-bac6-47bdd3bc1e86,Jabbercube,97343 Schiller Circle,Uganda,95994136
ae7e8dea-4b75-47d4-a244-89fafc3eb3ca,Skyba,735 Spenser Trail,Poland,7622572
84b119a9-3331-4239-a608-8187d512c2c3,Thoughtstorm,72008 Helena Court,Dominican Republic,40158488
80ebb4e6-8c3b-40cc-aacb-d5faa264b572,Dabtype,517 Fair Oaks Way,China,93447233
aad78372-eaab-4767-8f34-1636fae00da8,Brainbox,8741 Golf View Alley,Palestinian Territory,79377596
5bced2c1-92fb-4c56-a720-f6c50e010624,Gevee,7 Kipling Terrace,China,60479223
f383e033-699e-43d9-a946-f454b5e3e94f,Zoomzone,7960 Forest Run Street,China,84902136
1be9cd02-c93b-458d-842f-889f1735160d,Myworks,592 Drewry Road,China,7341619
fc1daf09-e3ac-4e77-9390-beb6b420e12d,Reallinks,8 Schmedeman Junction,Canada,21169327
8c79c272-e92d-4a5b-925c-7bbeef01d17b,Browsedrive,90 Armistice Way,Venezuela,63247355
d6dcce62-148a-47c8-854c-2ca69b7f8f81,Skipstorm,34 Sauthoff Pass,China,61404234
28ba668c-26ac-4bc2-822e-ad63e26992a1,Myworks,4018 Crowley Lane,Russia,48387973
7618f003-c6ee-41bf-9dec-4243ccbfba82,InnoZ,5 Lakewood Gardens Pass,China,61226887
e0f6cbe7-6782-4121-9d1a-30ac04731285,Gabvine,6785 Mifflin Hill,Argentina,47195447
67fcbbbf-e3aa-4932-89e4-d4d09c061105,Gevee,5670 Iowa Point,Russia,70580601
d2812a93-3d59-4cff-8a29-408b49644c2a,Voonder,4463 Bunting Park,Russia,29729061
d5c26143-f97f-48f7-95b2-d35c0d8cec20,Cogibox,91 Carberry Junction,Ethiopia,20847429
cbc29199-3126-4545-a8e6-9bc42026e66c,Tazzy,748 Graceland Point,Vietnam,73325419
3a7c2e4c-b791-4266-a1b1-191a68bde163,Jayo,11 Knutson Court,China,39134058
fd536c4e-e7cc-4da7-ab24-bb249287a994,Realmix,7 Westend Hill,Brazil,26085511
364ea5bd-9f70-4e27-878e-2ae79f1ca4c5,Digitube,84 Paget Place,China,37196925
7acff50e-b1d8-4b8e-9167-48c031385ef9,Photolist,1235 Toban Center,Sweden,98503788
431e66e0-25bc-454a-8501-c5b605d6f65d,Thoughtstorm,660 Springview Court,China,8026144
0dc9357f-dbf6-4405-bbfc-513550c9ffcb,Flashspan,32014 Spaight Road,Syria,1712347
bcf0fe0f-5b7d-4de4-8abe-b0f8677fb594,Dabfeed,2840 Orin Alley,Philippines,34756294
19de49a8-b174-476d-910f-fb887aa888c7,Twitterworks,6 Little Fleur Parkway,China,93043601
49d70ddb-3cf2-454d-a6a8-14eeb7ceb3d0,Photolist,3 Stang Trail,Argentina,81258680
2dbca631-d98e-4260-8f82-4bf9e4b49c33,Tekfly,39155 Onsgard Junction,Indonesia,92603446
34a8ec1c-3819-4cfa-90e4-01d40b603cf3,Quimm,5684 Farragut Point,Portugal,91305202
d2438fb4-cd0c-41a8-8821-2d853d893bf4,Flashdog,69 2nd Parkway,Tonga,53571100
5a874847-8244-48f2-bedf-1977fbd758cf,Yoveo,42732 Fairfield Point,Portugal,77884477
bfef02a0-b454-419d-9292-d7d03160b7e3,Feedmix,9031 Gateway Parkway,France,2349367
70b85372-8704-4168-be72-4bea8d342143,Yodo,17 Utah Parkway,Denmark,18770053
f73a3155-c63e-4149-8b22-db805883c392,Quamba,42 Lakeland Terrace,South Africa,50628590
226bc0c3-18d2-44ca-978c-544f0a4eab00,Skipstorm,58719 Pepper Wood Alley,Ukraine,47909633
5b91aac9-0e01-4086-b30a-7c4efa87b2b0,Vinder,27 Utah Point,Philippines,37519029
cd589433-ad25-4564-b86a-2d111df52266,Aimbu,131 Manufacturers Road,Brazil,19527382
774d3a50-7283-4ff0-b5fe-e4427a1f060e,Dabvine,891 Darwin Center,Sierra Leone,25217877
3559f8cb-9987-4de2-af5f-244f0e7e9c97,Wikido,32290 Farwell Avenue,Nicaragua,12360049
09d9b9e7-bbe5-4e43-bc34-bda6cba7cb00,Eare,63043 Northridge Pass,Czech Republic,34636988
3a0caee3-300d-4aeb-a734-2a37938a227a,Twiyo,1067 Lindbergh Avenue,China,3407475
b69d501e-704c-408a-a09a-1da2b93f4a9a,Photobean,00983 Swallow Street,Japan,91052018
5f0dd4d2-e7b8-4732-98a6-12e1b859317a,Quaxo,53 Marquette Trail,France,24933027
450482e7-cd50-4719-81b7-51be7243d44c,Twimbo,220 Service Lane,Japan,41972399
8d84af4c-2a5f-411b-a20c-51e698975517,Shufflester,3 Surrey Lane,Egypt,79300156
26e49fc6-f830-49e2-90bc-131160d5e2b3,Jabberstorm,23308 Pearson Avenue,Sweden,74662554
f801278e-5c64-4779-af54-dab26dcea394,Thoughtblab,355 Birchwood Plaza,Greece,1103056
a71f04a9-3efb-44e3-aac0-f4ed0a6e8eba,Plambee,8 Judy Court,China,40257701
279523d0-aa6d-4f33-bd01-caa43c392ea9,Buzzdog,05269 Steensland Plaza,Netherlands,82176185
aea54a61-ed8f-4aac-83a9-6850a2d63f92,Twitterlist,68 Jenna Park,Thailand,43832967
f5d89367-4479-4019-b2a7-4fc333090b07,Vipe,1648 La Follette Junction,Belarus,18605593
d08f9792-e771-4965-a7bc-b731f62749bb,Meevee,5780 Marcy Junction,China,90965782
afc66ca9-482a-4212-a52a-775dff423cbb,Flipbug,2 Melrose Junction,Russia,7094141
ebae7356-b78e-493a-bff7-24fa17b5f8be,Meeveo,5080 Del Sol Pass,China,47421339
73fdf95e-5e37-4718-95b5-5f7c35efa3b5,Youtags,361 Quincy Pass,Guatemala,63571710
3b34a2d1-01cb-426b-b921-eb9219fca4f3,Livepath,1 Sheridan Point,Mauritius,74130922
2f2cf3bc-94a4-4eaf-833e-014143cee889,Aibox,6 Crownhardt Center,Portugal,2716816
2e270664-3be7-4b1d-b9c1-8ac65516218b,Gabtune,0840 Valley Edge Plaza,Serbia,92474414
eaf3c32a-22c3-4107-a547-c84d1d528b93,Thoughtworks,15 Corry Pass,Dominican Republic,25014472
fee6d117-6179-48e1-8d12-23c21eb8fe10,Kwideo,299 Moulton Parkway,Kenya,6483116
0623a076-c94d-4b31-823a-6f5ad58c952e,Quaxo,22534 South Hill,Macedonia,80933020
93e0aca1-98db-414e-9349-42a63bd104fe,Gigazoom,23 Vermont Circle,Vietnam,95647051
28844c7d-1ed0-4d73-bcfa-0a30a0008ff8,Bubblemix,70 Corscot Parkway,Armenia,45152214
c3b0f3c7-5f58-44ee-a213-7c60ef90d64a,Chatterpoint,7 Washington Crossing,South Africa,71192663
f860eca9-ad89-4ffd-a7d1-f2a8796bd742,Innotype,7 Tennessee Alley,Indonesia,69069925
cd35db3e-7294-47eb-a219-fa26e01f605c,Twitterworks,9 Sutteridge Lane,China,60294659
98b3d730-7394-4322-b1d3-17dc0a2da0c4,Rhynyx,32882 Redwing Terrace,Peru,82247312
883668cf-1f35-4a47-aa2e-b667500a79ff,Zooveo,68 Pleasure Trail,Belarus,37766936
71c873ba-ee31-4364-8c8a-b37e4a1850ea,Ozu,8951 Dapin Terrace,Philippines,96697421
6b7c7dab-4f1a-4e06-b599-23d86a708c81,Eimbee,4781 Stang Drive,Brazil,52743101
3cf2be51-8c64-4a67-925f-a8d4816f7eab,Lazz,6205 Burrows Plaza,South Korea,69777104
905a676d-f2e3-4510-99cb-ddbdf6ec5182,Twimbo,84 Oakridge Park,United States,26964476
c05ede9c-97c0-43a7-a341-e419c77d7fc9,Voonix,19210 Sunfield Pass,Colombia,12402280
33cf1cb9-5ecc-41b0-8d25-2912a5d335a1,Wordify,6279 Logan Road,France,14473005
ce47c108-f09f-46fd-9ead-48112ba5e396,Dazzlesphere,8 Scofield Place,Sweden,94056998
a4fbdfa9-f06a-40e0-94f1-85a91c4fab95,Devcast,5 Mcbride Road,China,73736694
fe4fd313-a91b-4ade-a1b4-de70c203c366,Skinte,5689 Everett Pass,Sweden,91801382
704492b3-57bc-4c29-8e6a-ddc25e4fbc00,Realblab,18 Duke Place,China,40917230
6fc7f1d7-1d4c-4f56-9bcd-31b4b3c785f0,Eire,88425 Pepper Wood Way,Peru,313156
ab343323-c984-4f7b-8e93-d72fce1b9a52,Roodel,1783 Evergreen Pass,Russia,63299680
77ee4087-144f-4fbe-a2b4-59b574a291fe,Youbridge,4040 Hagan Way,Colombia,13827462
0a6f7a43-a8da-4f0a-bfad-35ba54904405,Vimbo,0825 Service Center,Argentina,18246458
3f695810-338d-4853-947e-fddae36472f6,Skimia,12 Lyons Place,Indonesia,27910641
e3e15df2-4668-4650-9170-d4b4863a70ba,Wordpedia,76638 Springs Lane,Ukraine,39783863
35b79827-9a88-4b8d-bd60-21461d22c704,Dabjam,651 Nevada Pass,Sweden,62896757
e7038bdd-cf37-4170-a1a5-2732f821e37e,Yamia,24219 Declaration Junction,China,51147589
ee48f2a5-ac74-44f2-b9e3-d56ac77e983b,Wikivu,8846 Pepper Wood Terrace,Russia,6954230
a9c2972c-2a87-4c8e-98fd-be774bf6fa97,Meetz,9866 Westport Trail,Thailand,28211843
d83be244-8177-4e8e-b44f-cc809f235e87,Jetpulse,4 Jenna Parkway,Ethiopia,71445333
72aab27a-cc7c-4789-a30e-7007438efc87,Dabfeed,38732 Cardinal Point,Bahamas,4381691
2f6bf77d-2831-4652-8e2c-022807af75fe,Edgeblab,3 Caliangt Crossing,Nicaragua,47615213
80eec8e2-7055-45da-9a6b-794c676f2f33,Thoughtbridge,913 Parkside Drive,Poland,1533111
1d4185df-14bc-402c-9fa9-40d905aea041,Mycat,0977 Arapahoe Trail,Indonesia,64183464
659e83c9-3754-445a-8002-776e34b6d48a,Dabshots,9451 Muir Lane,China,61813469
178371f9-ccac-43e8-b22b-777adc9a8037,Twitternation,1108 Ridge Oak Court,Canada,43495087
982e44d2-154d-4b0d-aab3-861cbfe4080a,Vidoo,51 Buhler Terrace,France,40354165
